Time_s,Speed_ms,Speed_kmh,Distance_m,TTC_s,Brake,Decel_ms2,AEB_Active,Vrel_ms,Ego_X_m,Ego_Y_m
0.002463102340698242,1.0079700984988449e-07,0.0,127.51245880126953,,0.0,0.0,False,,0.7293462157249451,5.550000190734863
0.029216289520263672,1.0072360367985311e-07,0.0,127.51245880126953,,0.0,3.6703085015687975e-09,False,,0.7293462157249451,5.550000190734863
0.055126190185546875,0.0037922989577054977,0.014,127.51245880126953,,0.0,-0.1896099117050909,False,,0.7293510437011719,5.550000190734863
0.08062052726745605,0.09177114069461823,0.33,127.64625549316406,,0.0,-1.0,False,,0.7305622696876526,5.550000190734863
0.10642027854919434,0.16850915551185608,0.607,127.64625549316406,,0.0,-1.0,False,,0.735495388507843,5.550000190734863
0.1325359344482422,0.440838098526001,1.587,127.6473159790039,,0.0,-1.0,False,,0.7460942268371582,5.550000190734863
0.15775823593139648,0.5294994115829468,1.906,127.6473159790039,,0.0,-1.0,False,,0.7532592415809631,5.550000190734863
0.18288135528564453,0.62009197473526,2.232,127.47881317138672,,0.0,-1.0,False,,0.7617985010147095,5.550000190734863
0.20858144760131836,0.818196713924408,2.946,127.47881317138672,,0.0,-1.0,False,,0.7847405672073364,5.550000190734863
0.23417377471923828,1.000008463859558,3.6,127.6614761352539,,0.0,-1.0,False,,0.8111525774002075,5.550000190734863
0.2596151828765869,1.093794584274292,3.938,127.6614761352539,,0.0,-1.0,False,,0.8269003033638,5.550000190734863
0.2854156494140625,1.291407823562622,4.649,127.5774154663086,,0.0,-1.0,False,,0.8651710152626038,5.550000190734863
0.31151700019836426,1.3884470462799072,4.998,127.5774154663086,,0.0,-1.0,False,,0.8866516947746277,5.550000190734863
0.33742403984069824,1.6648755073547363,5.994,127.5654067993164,,0.0,-1.0,False,,0.9585286378860474,5.550000190734863
0.36287927627563477,1.756504774093628,6.323,127.5654067993164,,0.0,-1.0,False,,0.9859179854393005,5.550000190734863
0.3891787528991699,1.8472447395324707,6.65,127.36184692382812,,0.0,-1.0,False,,1.0147662162780762,5.550000190734863
0.41492223739624023,1.9371978044509888,6.974,127.36184692382812,,0.0,-1.0,False,,1.0450626611709595,5.550000190734863
0.44043397903442383,2.1972110271453857,7.91,127.48230743408203,,0.0,-1.0,False,,1.1423237323760986,5.550000190734863
0.4660675525665283,2.2790615558624268,8.205,127.48230743408203,,0.0,-1.0,False,,1.1759295463562012,5.550000190734863
0.49178147315979004,2.4456937313079834,8.804,127.16490936279297,,0.0,-1.0,False,,1.2492460012435913,5.550000190734863
0.5177898406982422,2.5302975177764893,9.109,127.16490936279297,,0.0,-1.0,False,,1.2890955209732056,5.550000190734863
0.5438175201416016,2.6911611557006836,9.688,127.00251770019531,,0.0,-1.0,False,,1.3701170682907104,5.550000190734863
0.5696518421173096,2.853144884109497,10.271,127.00251770019531,,0.0,-1.0,False,,1.4589182138442993,5.550000190734863
0.5950031280517578,2.932492971420288,10.557,127.21312713623047,,0.0,-1.0,False,,1.5052443742752075,5.550000190734863
0.6205480098724365,3.0058934688568115,10.821,127.21312713623047,,0.0,-1.0,False,,1.5498201847076416,5.550000190734863
0.6464266777038574,3.1592116355895996,11.373,126.74810791015625,,0.0,-1.0,False,,1.696502447128296,5.550000190734863
0.6723849773406982,3.303516149520874,11.893,126.74810791015625,,0.0,-1.0,False,,1.748805284500122,5.550000190734863
0.697582483291626,3.443857192993164,12.398,126.5071792602539,,0.0,-1.0,False,,1.8534693717956543,5.550000190734863
0.7231976985931396,3.5104217529296875,12.638,126.5071792602539,,0.0,-1.0,False,,1.905660629272461,5.550000190734863
0.7492074966430664,3.5805094242095947,12.89,126.43505859375,,0.0,-1.0,False,,2.020301342010498,5.550000190734863
0.7750320434570312,3.785480260848999,13.628,126.43505859375,,0.0,-1.0,False,,2.13934063911438,5.550000190734863
0.800724983215332,3.8480148315429688,13.853,126.59789276123047,,0.0,-1.0,False,,2.1966238021850586,5.550000190734863
0.8261818885803223,3.9139719009399414,14.09,126.59789276123047,,0.0,-1.0,False,,2.258753538131714,5.550000190734863
0.852405309677124,3.9792253971099854,14.325,126.59789276123047,,0.0,-1.0,False,,2.321932792663574,5.550000190734863
0.8797175884246826,4.170994281768799,15.016,126.27186584472656,,0.0,-1.0,False,,2.5176572799682617,5.550000190734863
0.9051449298858643,4.229732513427734,15.227,126.08171844482422,,0.0,-1.0,False,,2.580692768096924,5.550000190734863
0.9320266246795654,4.345641613006592,15.644,126.08171844482422,,0.0,-1.0,False,,2.7093865871429443,5.550000190734863
0.9611208438873291,4.406635761260986,15.864,125.89055633544922,,0.0,-1.0,False,,2.850456714630127,5.550000190734863
0.9904513359069824,4.58635139465332,16.511,125.4884033203125,,0.0,-1.0,False,,2.9953768253326416,5.550000190734863
1.0266146659851074,4.64520263671875,16.723,125.4884033203125,,0.0,-1.0,False,,3.139375686645508,5.550000190734863
1.0560805797576904,4.811587810516357,17.322,125.46278381347656,,0.0,-1.0,False,,3.2868645191192627,5.550000190734863
1.089266061782837,4.864972114562988,17.514,125.46278381347656,,0.0,-1.0,False,,3.437786340713501,5.550000190734863
1.1184968948364258,5.029636383056641,18.107,125.17163848876953,,0.0,-1.0,False,,3.5920870304107666,5.550000190734863
1.1450819969177246,5.081401824951172,18.293,125.17163848876953,,0.0,-1.0,False,,3.6679461002349854,5.550000190734863
1.1734306812286377,5.241407871246338,18.869,124.99463653564453,,0.0,-1.0,False,,3.9106249809265137,5.550000190734863
1.2007253170013428,5.298491477966309,19.075,124.58141326904297,,0.0,-1.0,False,,4.000243186950684,5.550000190734863
1.228703498840332,5.348507404327393,19.255,124.58141326904297,,0.0,-1.0,False,,4.080121040344238,5.550000190734863
1.2567486763000488,5.45081901550293,19.623,124.3109359741211,,0.0,-1.0,False,,4.335223197937012,5.550000190734863
1.2826786041259766,5.5549492835998535,19.998,124.3109359741211,,0.0,-1.0,False,,4.423713684082031,5.550000190734863
1.3083441257476807,5.6543965339660645,20.356,124.04988861083984,,0.0,-1.0,False,,4.597512245178223,5.550000190734863
1.3341658115386963,5.705195903778076,20.539,124.04988861083984,,0.0,-1.0,False,,4.688414573669434,5.550000190734863
1.360682725906372,5.8057379722595215,20.901,123.80142974853516,,0.0,-1.0,False,,4.87264347076416,5.550000190734863
1.387364149093628,5.9048943519592285,21.258,123.80142974853516,,0.0,-1.0,False,,5.060067176818848,5.550000190734863
1.4126863479614258,5.950905799865723,21.423,123.41047668457031,,0.0,-1.0,False,,5.149008750915527,5.550000190734863
1.437896490097046,6.002706527709961,21.61,123.41047668457031,,0.0,-1.0,False,,5.250640869140625,5.550000190734863
1.463719129562378,6.144079685211182,22.119,123.23727416992188,,0.0,-1.0,False,,5.5361714363098145,5.550000190734863
1.4897651672363281,6.188641548156738,22.279,123.23727416992188,,0.0,-1.0,False,,5.628689765930176,5.550000190734863
1.5152335166931152,6.2358832359313965,22.449,123.1438980102539,,0.0,-1.0,False,,5.728109836578369,5.550000190734863
1.5410964488983154,6.329482555389404,22.786,123.1438980102539,,0.0,-1.0,False,,5.929205417633057,5.550000190734863
1.5665969848632812,6.375856876373291,22.953,122.64140319824219,,0.0,-1.0,False,,6.126855850219727,5.550000190734863
1.596059799194336,6.510485649108887,23.438,122.42591094970703,,0.0,-1.0,False,,6.33377742767334,5.550000190734863
1.6274895668029785,6.552958965301514,23.591,122.42591094970703,,0.0,-1.0,False,,6.431774616241455,5.550000190734863
1.6535558700561523,6.679002285003662,24.044,122.12281036376953,,0.0,-1.0,False,,6.729564189910889,5.550000190734863
1.6796603202819824,6.720594882965088,24.194,122.12281036376953,,0.0,-1.0,False,,6.830082416534424,5.550000190734863
1.704920768737793,6.764738082885742,24.353,122.12281036376953,,0.0,-1.0,False,,6.937987327575684,5.550000190734863
1.730180263519287,6.805916786193848,24.501,121.6546401977539,,0.0,-1.0,False,,7.2521257400512695,5.550000190734863
1.7555766105651855,6.933692455291748,24.961,121.3466796875,,0.0,-1.0,False,,7.3627400398254395,5.550000190734863
1.781754493713379,6.976767063140869,25.116,121.3466796875,,0.0,-1.0,False,,7.474045753479004,5.550000190734863
1.808084487915039,7.059645652770996,25.415,121.02263641357422,,0.0,-1.0,False,,7.691653728485107,5.550000190734863
1.833719253540039,7.102139949798584,25.568,121.02263641357422,,0.0,-1.0,False,,7.918963432312012,5.550000190734863
1.85927414894104,7.186563014984131,25.872,121.02263641357422,,0.0,-1.0,False,,8.033632278442383,5.550000190734863
1.8848216533660889,7.267643451690674,26.164,120.84852600097656,,0.0,-1.0,False,,8.257715225219727,5.550000190734863
1.9108409881591797,7.306630611419678,26.304,120.84852600097656,,0.0,-1.0,False,,8.36704158782959,5.550000190734863
1.936821699142456,7.348042011260986,26.453,120.38667297363281,,0.0,-1.0,False,,8.48430061340332,5.550000190734863
1.9620893001556396,7.4661078453063965,26.878,119.81299591064453,,0.0,-1.0,False,,8.825090408325195,5.550000190734863
1.9871513843536377,7.506845951080322,27.025,119.81299591064453,,0.0,-1.0,False,,8.944894790649414,5.550000190734863
2.0135040283203125,7.5853142738342285,27.307,119.62938690185547,,0.0,-1.0,False,,9.178863525390625,5.550000190734863
2.0387566089630127,7.6230669021606445,27.443,119.62938690185547,,0.0,-1.0,False,,9.292945861816406,5.550000190734863
2.0641088485717773,7.7056355476379395,27.74,119.40148162841797,,0.0,-1.0,False,,9.545912742614746,5.550000190734863
2.089323043823242,7.785071849822998,28.026,119.40148162841797,,0.0,-1.0,False,,9.793805122375488,5.550000190734863
2.1143579483032227,7.824559211730957,28.168,119.40148162841797,,0.0,-1.0,False,,9.918702125549316,5.550000190734863
2.1399810314178467,7.8614397048950195,28.301,118.8329086303711,,0.0,-1.0,False,,10.036365509033203,5.550000190734863
2.165436029434204,7.903075218200684,28.451,118.46511840820312,,0.0,-1.0,False,,10.408611297607422,5.550000190734863
2.1912097930908203,8.014888763427734,28.854,118.46511840820312,,0.0,-1.0,False,,10.536559104919434,5.550000190734863
2.2177295684814453,8.053492546081543,28.993,118.46511840820312,,0.0,-1.0,False,,10.665125846862793,5.550000190734863
2.243305206298828,8.130260467529297,29.269,118.31436920166016,,0.0,-1.0,False,,10.924105644226074,5.550000190734863
2.2689356803894043,8.204065322875977,29.535,117.7810287475586,,0.0,-1.0,False,,11.177326202392578,5.550000190734863
2.2948718070983887,8.239575386047363,29.662,117.7810287475586,,0.0,-1.0,False,,11.300671577453613,5.550000190734863
2.320634603500366,8.314897537231445,29.934,117.26947784423828,,0.0,-1.0,False,,11.565582275390625,5.550000190734863
2.3461852073669434,8.350005149841309,30.06,117.26947784423828,,0.0,-1.0,False,,11.69058609008789,5.550000190734863
2.371870756149292,8.387314796447754,30.194,116.95361328125,,0.0,-1.0,False,,12.085659980773926,5.550000190734863
2.396923303604126,8.494034767150879,30.579,116.95361328125,,0.0,-1.0,False,,12.221297264099121,5.550000190734863
2.4228804111480713,8.52358341217041,30.685,116.95361328125,,0.0,-1.0,False,,12.340441703796387,5.550000190734863
2.4485490322113037,8.580293655395508,30.889,116.38345336914062,,0.0,-1.0,False,,12.605636596679688,5.550000190734863
2.4744863510131836,8.599481582641602,30.958,116.38345336914062,,0.0,-0.9593963623046875,False,,12.880826950073242,5.550000190734863
2.4998903274536133,8.6282958984375,31.062,115.89773559570312,,0.0,-1.0,False,,13.139583587646484,5.550000190734863
2.526129722595215,8.628996849060059,31.064,115.76447296142578,,0.0,-0.03504753112792969,False,,13.269018173217773,5.550000190734863
2.5513100624084473,8.627037048339844,31.057,115.76447296142578,,0.0,0.09799003601074219,False,,13.407069206237793,5.550000190734863
2.576770305633545,8.623196601867676,31.044,115.76447296142578,,0.0,0.19202232360839844,False,,13.812191009521484,5.550000190734863
2.6028239727020264,8.603188514709473,30.971,115.0587387084961,,0.0,1.0004043579101562,False,,13.941289901733398,5.550000190734863
2.628227472305298,8.595808029174805,30.945,115.0587387084961,,0.0,0.36902427673339844,False,,14.07027816772461,5.550000190734863
2.6534993648529053,8.58110237121582,30.892,114.5945816040039,,0.0,0.7352828979492188,False,,14.336509704589844,5.550000190734863
2.6794095039367676,8.574198722839355,30.867,114.5945816040039,,0.0,0.3451824188232422,False,,14.473748207092285,5.550000190734863
2.705131769180298,8.558039665222168,30.809,114.03925323486328,,0.0,0.807952880859375,False,,14.859196662902832,5.550000190734863
2.730950117111206,8.553394317626953,30.792,113.94265747070312,,0.0,0.2322673797607422,False,,14.996085166931152,5.550000190734863
2.7561819553375244,8.549261093139648,30.777,113.94265747070312,,0.0,0.20666122436523438,False,,15.132904052734375,5.550000190734863
2.7823126316070557,8.545615196228027,30.764,113.94265747070312,,0.0,0.1822948455810547,False,,15.534473419189453,5.550000190734863
2.8078184127807617,8.536772727966309,30.732,113.2398452758789,,0.0,0.4421234130859375,False,,15.662543296813965,5.550000190734863
2.8333892822265625,8.534005165100098,30.722,113.2398452758789,,0.0,0.13837814331054688,False,,15.799108505249023,5.550000190734863
2.860480785369873,8.528560638427734,30.703,112.95531463623047,,0.0,0.27222633361816406,False,,16.072105407714844,5.550000190734863
2.8855414390563965,8.525984764099121,30.694,112.95531463623047,,0.0,0.12879371643066406,False,,16.200014114379883,5.550000190734863
2.9110352993011475,8.53018856048584,30.709,112.36774444580078,,0.0,-0.2101898193359375,False,,16.609203338623047,5.550000190734863
2.936288356781006,8.536505699157715,30.731,112.22005462646484,,0.0,-0.31585693359375,False,,16.737205505371094,5.550000190734863
2.961819648742676,8.543622016906738,30.757,112.22005462646484,,0.0,-0.3558158874511719,False,,16.86530876159668,5.550000190734863
2.9872872829437256,8.551399230957031,30.785,112.22005462646484,,0.0,-0.38886070251464844,False,,16.9935245513916,5.550000190734863
3.0134799480438232,8.559020042419434,30.812,111.44506072998047,,0.0,-0.3810405731201172,False,,17.404260635375977,5.550000190734863
3.0395140647888184,8.559377670288086,30.814,111.37496948242188,,0.0,-0.017881393432617188,False,,17.532649993896484,5.550000190734863
3.065246343612671,8.557499885559082,30.807,111.37496948242188,,0.0,0.09388923645019531,False,,17.806528091430664,5.550000190734863
3.0912678241729736,8.555309295654297,30.799,111.37496948242188,,0.0,0.10952949523925781,False,,17.943431854248047,5.550000190734863
3.1168503761291504,8.546058654785156,30.766,110.87542724609375,,0.0,0.46253204345703125,False,,18.33677101135254,5.550000190734863
3.141634941101074,8.54227066040039,30.752,110.48595428466797,,0.0,0.18939971923828125,False,,18.47347640991211,5.550000190734863
3.1676220893859863,8.538370132446289,30.738,110.48595428466797,,0.0,0.19502639770507812,False,,18.610118865966797,5.550000190734863
3.1945204734802246,8.534440994262695,30.724,110.48595428466797,,0.0,0.1964569091796875,False,,18.7466983795166,5.550000190734863
3.2199292182922363,8.526995658874512,30.697,109.83758544921875,,0.0,0.3722667694091797,False,,19.13902473449707,5.550000190734863
3.245640993118286,8.519991874694824,30.672,109.55940246582031,,0.0,0.350189208984375,False,,19.27536964416504,5.550000190734863
3.2712981700897217,8.524304389953613,30.687,109.55940246582031,,0.0,-0.21562576293945312,False,,19.539506912231445,5.550000190734863
3.296795606613159,8.529362678527832,30.706,109.20398712158203,,0.0,-0.2529144287109375,False,,19.667409896850586,5.550000190734863
3.3233909606933594,8.536185264587402,30.73,109.20398712158203,,0.0,-0.3411293029785156,False,,20.077350616455078,5.550000190734863
3.3493435382843018,8.559934616088867,30.816,108.5238265991211,,0.0,-1.0,False,,20.205692291259766,5.550000190734863
3.375086784362793,8.565319061279297,30.835,108.5238265991211,,0.0,-0.2692222595214844,False,,20.35127830505371,5.550000190734863
3.403977155685425,8.566792488098145,30.84,108.5238265991211,,0.0,-0.07367134094238281,False,,20.479766845703125,5.550000190734863
3.431467294692993,8.567021369934082,30.841,108.21809387207031,,0.0,-0.011444091796875,False,,20.891014099121094,5.550000190734863
3.456817865371704,8.565320014953613,30.835,107.62162017822266,,0.0,0.0850677490234375,False,,21.019506454467773,5.550000190734863
3.482722043991089,8.562715530395508,30.826,107.62162017822266,,0.0,0.13022422790527344,False,,21.156530380249023,5.550000190734863
3.508134603500366,8.556042671203613,30.802,107.21419525146484,,0.0,0.33364295959472656,False,,21.558734893798828,5.550000190734863
3.5343282222747803,8.548227310180664,30.774,107.21419525146484,,0.0,0.39076805114746094,False,,21.686986923217773,5.550000190734863
3.559497356414795,8.539932250976562,30.744,106.89067077636719,,0.0,0.4147529602050781,False,,21.960391998291016,5.550000190734863
3.5852129459381104,8.53591251373291,30.729,106.89067077636719,,0.0,0.2009868621826172,False,,22.096996307373047,5.550000190734863
3.6112773418426514,8.532044410705566,30.715,106.42449951171875,,0.0,0.1934051513671875,False,,22.49791717529297,5.550000190734863
3.636831045150757,8.521875381469727,30.679,106.42449951171875,,0.0,0.5084514617919922,False,,22.625768661499023,5.550000190734863
3.6626620292663574,8.521472930908203,30.677,106.01199340820312,,0.0,0.020122528076171875,False,,22.762102127075195,5.550000190734863
3.689056634902954,8.525242805480957,30.691,106.01199340820312,,0.0,-0.1884937286376953,False,,22.906999588012695,5.550000190734863
3.715092182159424,8.534897804260254,30.726,105.69027709960938,,0.0,-0.48274993896484375,False,,23.299497604370117,5.550000190734863
3.740846633911133,8.547077178955078,30.769,105.69027709960938,,0.0,-0.6089687347412109,False,,23.427658081054688,5.550000190734863
3.766185760498047,8.551616668701172,30.786,105.19355010986328,,0.0,-0.2269744873046875,False,,23.692726135253906,5.550000190734863
3.7915148735046387,8.552136421203613,30.788,105.19355010986328,,0.0,-0.025987625122070312,False,,23.838109970092773,5.550000190734863
3.8164429664611816,8.551942825317383,30.787,104.54840850830078,,0.0,0.009679794311523438,False,,23.96639060974121,5.550000190734863
3.8422064781188965,8.546796798706055,30.768,104.41890716552734,,0.0,0.25730133056640625,False,,24.36823272705078,5.550000190734863
3.868285894393921,8.543997764587402,30.758,104.41890716552734,,0.0,0.1399517059326172,False,,24.496414184570312,5.550000190734863
3.8939368724823,8.54062271118164,30.746,104.41890716552734,,0.0,0.16875267028808594,False,,24.633089065551758,5.550000190734863
3.9193148612976074,8.53339958190918,30.72,103.79493713378906,,0.0,0.3611564636230469,False,,24.897733688354492,5.550000190734863
3.9458069801330566,8.525876998901367,30.693,103.79493713378906,,0.0,0.376129150390625,False,,25.16214942932129,5.550000190734863
3.9713501930236816,8.518566131591797,30.667,103.32970428466797,,0.0,0.3655433654785156,False,,25.426334381103516,5.550000190734863
3.9968347549438477,8.517609596252441,30.663,103.32970428466797,,0.0,0.04782676696777344,False,,25.562610626220703,5.550000190734863
4.023065805435181,8.52027416229248,30.673,103.13583374023438,,0.0,-0.13322830200195312,False,,25.69891357421875,5.550000190734863
4.048547267913818,8.532532691955566,30.717,102.51370239257812,,0.0,-0.6129264831542969,False,,26.091106414794922,5.550000190734863
4.073540925979614,8.538257598876953,30.738,102.51370239257812,,0.0,-0.28624534606933594,False,,26.227676391601562,5.550000190734863
4.098757266998291,8.548450469970703,30.774,102.51370239257812,,0.0,-0.5096435546875,False,,26.483985900878906,5.550000190734863
4.124373435974121,8.551433563232422,30.785,102.24175262451172,,0.0,-0.1491546630859375,False,,26.612245559692383,5.550000190734863
4.149966478347778,8.551769256591797,30.786,102.24175262451172,,0.0,-0.01678466796875,False,,27.005617141723633,5.550000190734863
4.176452398300171,8.54964828491211,30.779,101.93791961669922,,0.0,0.106048583984375,False,,27.133872985839844,5.550000190734863
4.201909780502319,8.547478675842285,30.771,101.93791961669922,,0.0,0.10848045349121094,False,,27.270648956298828,5.550000190734863
4.227097749710083,8.544686317443848,30.761,101.30484771728516,,0.0,0.139617919921875,False,,27.407386779785156,5.550000190734863
4.252957105636597,8.538052558898926,30.737,101.30484771728516,,0.0,0.33168792724609375,False,,27.80021095275879,5.550000190734863
4.278611660003662,8.530838012695312,30.711,100.84007263183594,,0.0,0.36072731018066406,False,,27.928199768066406,5.550000190734863
4.303915739059448,8.52302074432373,30.683,100.58583068847656,,0.0,0.39086341857910156,False,,28.20105743408203,5.550000190734863
4.329441547393799,8.521130561828613,30.676,100.58583068847656,,0.0,0.09450912475585938,False,,28.32887840270996,5.550000190734863
4.355458974838257,8.522193908691406,30.68,100.58583068847656,,0.0,-0.05316734313964844,False,,28.601593017578125,5.550000190734863
4.3808722496032715,8.529226303100586,30.705,100.05622100830078,,0.0,-0.3516197204589844,False,,28.86591148376465,5.550000190734863
4.406350374221802,8.532979965209961,30.719,100.05622100830078,,0.0,-0.18768310546875,False,,29.002410888671875,5.550000190734863
4.432222366333008,8.536596298217773,30.732,99.56614685058594,,0.0,-0.180816650390625,False,,29.130434036254883,5.550000190734863
4.458101034164429,8.543852806091309,30.758,99.56614685058594,,0.0,-0.3628253936767578,False,,29.395185470581055,5.550000190734863
4.4834160804748535,8.545099258422852,30.762,99.11734008789062,,0.0,-0.06232261657714844,False,,29.66008758544922,5.550000190734863
4.50863790512085,8.543015480041504,30.755,98.7996597290039,,0.0,0.10418891906738281,False,,29.924957275390625,5.550000190734863
4.533998489379883,8.541217803955078,30.748,98.7996597290039,,0.0,0.08988380432128906,False,,30.053089141845703,5.550000190734863
4.559519290924072,8.538568496704102,30.739,98.7996597290039,,0.0,0.13246536254882812,False,,30.198266983032227,5.550000190734863
4.584823846817017,8.535787582397461,30.729,98.17463684082031,,0.0,0.13904571533203125,False,,30.5993595123291,5.550000190734863
4.61061954498291,8.525239944458008,30.691,98.17463684082031,,0.0,0.5273818969726562,False,,30.735790252685547,5.550000190734863
4.636160135269165,8.521722793579102,30.678,97.85716247558594,,0.0,0.1758575439453125,False,,30.8636417388916,5.550000190734863
4.661485433578491,8.51600170135498,30.658,97.85716247558594,,0.0,0.2860546112060547,False,,31.127702713012695,5.550000190734863
4.687048435211182,8.51642894744873,30.659,97.46385955810547,,0.0,-0.0213623046875,False,,31.39171600341797,5.550000190734863
4.712759017944336,8.520936965942383,30.675,96.94345092773438,,0.0,-0.2254009246826172,False,,31.655799865722656,5.550000190734863
4.738225936889648,8.523810386657715,30.686,96.94345092773438,,0.0,-0.14367103576660156,False,,31.792158126831055,5.550000190734863
4.7633750438690186,8.526747703552246,30.696,96.94345092773438,,0.0,-0.1468658447265625,False,,31.920040130615234,5.550000190734863
4.789032936096191,8.529916763305664,30.708,96.531005859375,,0.0,-0.15845298767089844,False,,32.05649185180664,5.550000190734863
4.814783573150635,8.53846549987793,30.738,96.531005859375,,0.0,-0.42743682861328125,False,,32.45761489868164,5.550000190734863
4.840052604675293,8.540677070617676,30.746,96.2644271850586,,0.0,-0.11057853698730469,False,,32.58570861816406,5.550000190734863
4.865493297576904,8.540009498596191,30.744,96.2644271850586,,0.0,0.03337860107421875,False,,32.8590202331543,5.550000190734863
4.891160249710083,8.538530349731445,30.739,95.81977844238281,,0.0,0.07395744323730469,False,,32.99564743041992,5.550000190734863
4.917968511581421,8.534194946289062,30.723,95.81977844238281,,0.0,0.21677017211914062,False,,33.26028060913086,5.550000190734863
4.944048166275024,8.528225898742676,30.702,95.43824768066406,,0.0,0.29845237731933594,False,,33.52474594116211,5.550000190734863
4.970109939575195,8.524954795837402,30.69,95.43824768066406,,0.0,0.16355514526367188,False,,33.652645111083984,5.550000190734863
4.9959704875946045,8.521547317504883,30.678,95.04508972167969,,0.0,0.17037391662597656,False,,34.053104400634766,5.550000190734863
5.02143120765686,8.517215728759766,30.662,94.54535675048828,,0.0,0.21657943725585938,False,,34.19790267944336,5.550000190734863
5.0470404624938965,8.517107009887695,30.662,94.54535675048828,,0.0,0.005435943603515625,False,,34.34269332885742,5.550000190734863
5.0722949504852295,8.517614364624023,30.663,94.54535675048828,,0.0,-0.02536773681640625,False,,34.47045135498047,5.550000190734863
5.097996711730957,8.520309448242188,30.673,94.00699615478516,,0.0,-0.13475418090820312,False,,34.74305725097656,5.550000190734863
5.123987674713135,8.52383041381836,30.686,94.00699615478516,,0.0,-0.17604827880859375,False,,35.007240295410156,5.550000190734863
5.151106595993042,8.5272855758667,30.698,93.69619750976562,,0.0,-0.1727581024169922,False,,35.27153778076172,5.550000190734863
5.176970481872559,8.528712272644043,30.703,93.69619750976562,,0.0,-0.0713348388671875,False,,35.39945983886719,5.550000190734863
5.205092430114746,8.52969741821289,30.707,93.23466491699219,,0.0,-0.04925727844238281,False,,35.66387939453125,5.550000190734863
5.230772018432617,8.530981063842773,30.712,92.7520751953125,,0.0,-0.06418228149414062,False,,35.936866760253906,5.550000190734863
5.258392810821533,8.530885696411133,30.711,92.7520751953125,,0.0,0.00476837158203125,False,,36.0648307800293,5.550000190734863
5.284848928451538,8.530423164367676,30.71,92.7520751953125,,0.0,0.023126602172851562,False,,36.20132064819336,5.550000190734863
5.3147735595703125,8.527907371520996,30.7,92.45365142822266,,0.0,0.12578964233398438,False,,36.593666076660156,5.550000190734863
5.3457818031311035,8.526687622070312,30.696,91.9700927734375,,0.0,0.06098747253417969,False,,36.73862838745117,5.550000190734863
5.374591827392578,8.523253440856934,30.684,91.9700927734375,,0.0,0.1717090606689453,False,,37.130775451660156,5.550000190734863
5.402389287948608,8.522065162658691,30.679,91.50759887695312,,0.0,0.059413909912109375,False,,37.27566146850586,5.550000190734863
5.430840253829956,8.521161079406738,30.676,91.50759887695312,,0.0,0.04520416259765625,False,,37.40348434448242,5.550000190734863
5.46056056022644,8.519145011901855,30.669,91.08550262451172,,0.0,0.10080337524414062,False,,37.803924560546875,5.550000190734863
5.489060401916504,8.518627166748047,30.667,91.08550262451172,,0.0,0.025892257690429688,False,,37.94022750854492,5.550000190734863
5.517184734344482,8.517840385437012,30.664,90.75892639160156,,0.0,0.03933906555175781,False,,38.34909439086914,5.550000190734863
5.543202638626099,8.517342567443848,30.662,90.44830322265625,,0.0,0.024890899658203125,False,,38.47685241699219,5.550000190734863
5.568606853485107,8.516883850097656,30.661,90.44830322265625,,0.0,0.022935867309570312,False,,38.740882873535156,5.5500006675720215
5.594449996948242,8.516645431518555,30.66,89.90857696533203,,0.0,0.011920928955078125,False,,38.87715148925781,5.5500006675720215
5.620066404342651,8.516379356384277,30.659,89.90857696533203,,0.0,0.013303756713867188,False,,39.268898010253906,5.5500006675720215
5.645287036895752,8.51545238494873,30.656,89.59066772460938,,0.0,0.04634857177734375,False,,39.4051513671875,5.5500006675720215
5.670917510986328,8.515076637268066,30.654,89.59066772460938,,0.0,0.018787384033203125,False,,39.53287887573242,5.5500006675720215
5.6961328983306885,8.514663696289062,30.653,89.59066772460938,,0.0,0.020647048950195312,False,,39.66060256958008,5.5500006675720215
5.722336053848267,8.513769149780273,30.65,89.04944610595703,,0.0,0.044727325439453125,False,,39.92454147338867,5.5500006675720215
5.7479472160339355,8.512677192687988,30.646,88.48812103271484,,0.0,0.05459785461425781,False,,40.20547866821289,5.5500006675720215
5.7735350131988525,8.511619567871094,30.642,88.48812103271484,,0.0,0.05288124084472656,False,,40.46084213256836,5.5500006675720215
5.798920392990112,8.511061668395996,30.64,88.05824279785156,,0.0,0.027894973754882812,False,,40.597023010253906,5.5500006675720215
5.824675559997559,8.510499954223633,30.638,88.05824279785156,,0.0,0.028085708618164062,False,,40.74170684814453,5.5500006675720215
5.850576162338257,8.508987426757812,30.632,87.88976287841797,,0.0,0.07562637329101562,False,,41.14166259765625,5.5500006675720215
5.876277923583984,8.508502960205078,30.631,87.88976287841797,,0.0,0.02422332763671875,False,,41.26929473876953,5.5500006675720215
5.901707172393799,8.508028984069824,30.629,87.88976287841797,,0.0,0.023698806762695312,False,,41.405426025390625,5.5500006675720215
5.926950454711914,8.507162094116211,30.626,87.41059875488281,,0.0,0.04334449768066406,False,,41.677669525146484,5.5500006675720215
5.95316481590271,8.506291389465332,30.623,86.96451568603516,,0.0,0.04353523254394531,False,,41.941375732421875,5.5500006675720215
5.978605508804321,8.505849838256836,30.621,86.96451568603516,,0.0,0.022077560424804688,False,,42.07747268676758,5.5500006675720215
6.004423141479492,8.505001068115234,30.618,86.6111068725586,,0.0,0.042438507080078125,False,,42.349647521972656,5.5500006675720215
6.029803514480591,8.504569053649902,30.616,86.6111068725586,,0.0,0.021600723266601562,False,,42.485721588134766,5.5500006675720215
6.055576324462891,8.503296852111816,30.612,86.14751434326172,,0.0,0.06361007690429688,False,,42.87690353393555,5.5500006675720215
6.080877780914307,8.5028076171875,30.61,86.14751434326172,,0.0,0.024461746215820312,False,,43.021453857421875,5.5500006675720215
6.106368780136108,8.502419471740723,30.609,85.96536254882812,,0.0,0.019407272338867188,False,,43.1404914855957,5.5500006675720215
6.132426023483276,8.502033233642578,30.607,85.96536254882812,,0.0,0.019311904907226562,False,,43.26802444458008,5.5500006675720215
6.158260822296143,8.500733375549316,30.603,85.39557647705078,,0.0,0.06499290466308594,False,,43.6675910949707,5.5500006675720215
6.183444976806641,8.500293731689453,30.601,85.39557647705078,,0.0,0.021982192993164062,False,,43.79509735107422,5.5500006675720215
6.208778142929077,8.499425888061523,30.598,84.72071075439453,,0.0,0.043392181396484375,False,,44.05859375,5.5500006675720215
6.234252691268921,8.498977661132812,30.596,84.72071075439453,,0.0,0.022411346435546875,False,,44.194580078125,5.5500006675720215
6.2599263191223145,8.498518943786621,30.595,84.72071075439453,,0.0,0.022935867309570312,False,,44.593997955322266,5.5500006675720215
6.285475254058838,8.497186660766602,30.59,84.2923812866211,,0.0,0.06661415100097656,False,,44.729957580566406,5.5500006675720215
6.3109824657440186,8.496747970581055,30.588,83.98726654052734,,0.0,0.02193450927734375,False,,44.8574104309082,5.5500006675720215
6.336928129196167,8.496295928955078,30.587,83.98726654052734,,0.0,0.022602081298828125,False,,44.99335479736328,5.5500006675720215
6.362515211105347,8.495447158813477,30.584,83.68309783935547,,0.0,0.042438507080078125,False,,45.26522445678711,5.5500006675720215
6.388155937194824,8.494563102722168,30.58,83.68309783935547,,0.0,0.04420280456542969,False,,45.53706359863281,5.5500006675720215
6.413714647293091,8.493709564208984,30.577,83.02743530273438,,0.0,0.04267692565917969,False,,45.80038070678711,5.5500006675720215
6.439732789993286,8.493308067321777,30.576,83.02743530273438,,0.0,0.020074844360351562,False,,45.92778396606445,5.5500006675720215
6.465256690979004,8.492898941040039,30.574,83.02743530273438,,0.0,0.020456314086914062,False,,46.06367111206055,5.5500006675720215
6.491321086883545,8.491705894470215,30.57,82.74600982666016,,0.0,0.05965232849121094,False,,46.46281051635742,5.5500006675720215
6.517265558242798,8.491284370422363,30.569,82.46684265136719,,0.0,0.021076202392578125,False,,46.59867477416992,5.5500006675720215
6.543008804321289,8.490897178649902,30.567,82.46684265136719,,0.0,0.019359588623046875,False,,46.72603988647461,5.5500006675720215
6.568628311157227,8.490139961242676,30.565,81.9227066040039,,0.0,0.037860870361328125,False,,46.9892463684082,5.5500006675720215
6.59406590461731,8.48931884765625,30.562,81.9227066040039,,0.0,0.04105567932128906,False,,47.25242614746094,5.5500006675720215
6.619628429412842,8.488494873046875,30.559,81.71868133544922,,0.0,0.04119873046875,False,,47.51558303833008,5.5500006675720215
6.644986391067505,8.488075256347656,30.557,81.71868133544922,,0.0,0.0209808349609375,False,,47.65139389038086,5.5500006675720215
6.670335054397583,8.487720489501953,30.556,81.71868133544922,,0.0,0.01773834228515625,False,,47.770225524902344,5.5500006675720215
6.6957197189331055,8.486897468566895,30.553,81.15945434570312,,0.0,0.04115104675292969,False,,48.186092376708984,5.5500006675720215
6.721966028213501,8.486068725585938,30.55,80.61688995361328,,0.0,0.04143714904785156,False,,48.31338882446289,5.5500006675720215
6.747625350952148,8.485644340515137,30.548,80.61688995361328,,0.0,0.021219253540039062,False,,48.449161529541016,5.5500006675720215
6.773146629333496,8.484817504882812,30.545,80.29857635498047,,0.0,0.04134178161621094,False,,48.72068786621094,5.5500006675720215
6.798442125320435,8.484432220458984,30.544,80.29857635498047,,0.0,0.01926422119140625,False,,48.847957611083984,5.5500006675720215
6.8236072063446045,8.4832181930542,30.54,79.93036651611328,,0.0,0.06070137023925781,False,,49.24669647216797,5.5500006675720215
6.848842620849609,8.482797622680664,30.538,79.93036651611328,,0.0,0.021028518676757812,False,,49.382423400878906,5.5500006675720215
6.8747169971466064,8.482404708862305,30.537,79.77013397216797,,0.0,0.01964569091796875,False,,49.51814651489258,5.5500006675720215
6.900270938873291,8.48204231262207,30.535,79.77013397216797,,0.0,0.01811981201171875,False,,49.65386199951172,5.5500006675720215
6.9256415367126465,8.480932235717773,30.531,79.14518737792969,,0.0,0.05550384521484375,False,,50.052490234375,5.5500006675720215
6.9509117603302,8.480537414550781,30.53,79.14518737792969,,0.0,0.019741058349609375,False,,50.18818283081055,5.5500006675720215
6.976756572723389,8.47978687286377,30.527,78.77267456054688,,0.0,0.03752708435058594,False,,50.45954513549805,5.5500006675720215
7.0020833015441895,8.479437828063965,30.526,78.77267456054688,,0.0,0.017452239990234375,False,,50.58674240112305,5.5500006675720215
7.02732253074646,8.479060173034668,30.525,78.28433227539062,,0.0,0.01888275146484375,False,,50.858070373535156,5.5500006675720215
7.0528223514556885,8.477945327758789,30.521,78.28433227539062,,0.0,0.05574226379394531,False,,51.12089920043945,5.5500006675720215
7.078382253646851,8.477544784545898,30.519,77.6645736694336,,0.0,0.02002716064453125,False,,51.25654220581055,5.5500006675720215
7.103487491607666,8.477176666259766,30.518,77.6645736694336,,0.0,0.018405914306640625,False,,51.38370132446289,5.5500006675720215
7.129517316818237,8.476430892944336,30.515,77.38872528076172,,0.0,0.037288665771484375,False,,51.65496063232422,5.5500006675720215
7.156604766845703,8.475656509399414,30.512,77.38872528076172,,0.0,0.03871917724609375,False,,51.91771697998047,5.5500006675720215
7.1815831661224365,8.475257873535156,30.511,77.02117919921875,,0.0,0.019931793212890625,False,,52.053321838378906,5.5500006675720215
7.206904411315918,8.474501609802246,30.508,77.02117919921875,,0.0,0.03781318664550781,False,,52.316043853759766,5.5500006675720215
7.232599973678589,8.474114418029785,30.507,76.56007385253906,,0.0,0.019359588623046875,False,,52.45163345336914,5.5500006675720215
7.258002042770386,8.47297477722168,30.503,76.56007385253906,,0.0,0.05698204040527344,False,,52.84988784790039,5.5500006675720215
7.283669710159302,8.472580909729004,30.501,76.2685546875,,0.0,0.019693374633789062,False,,52.98545455932617,5.5500006675720215
7.309826612472534,8.472234725952148,30.5,76.2685546875,,0.0,0.017309188842773438,False,,53.1125373840332,5.5500006675720215
7.335268259048462,8.471574783325195,30.498,75.83233642578125,,0.0,0.03299713134765625,False,,53.37516784667969,5.5500006675720215
7.360378265380859,8.470876693725586,30.495,75.83233642578125,,0.0,0.03490447998046875,False,,53.63777542114258,5.5500006675720215
7.386136054992676,8.470518112182617,30.494,75.62260437011719,,0.0,0.0179290771484375,False,,53.77330780029297,5.5500006675720215
7.411816120147705,8.469850540161133,30.491,75.62260437011719,,0.0,0.03337860107421875,False,,54.03588104248047,5.5500006675720215
7.436906814575195,8.469499588012695,30.49,74.99689483642578,,0.0,0.017547607421875,False,,54.1713981628418,5.5500006675720215
7.462079763412476,8.469161987304688,30.489,74.99689483642578,,0.0,0.016880035400390625,False,,54.56943893432617,5.5500006675720215
7.487688064575195,8.468095779418945,30.485,74.42142486572266,,0.0,0.053310394287109375,False,,54.69646072387695,5.5500006675720215
7.512917995452881,8.467713356018066,30.484,74.42142486572266,,0.0,0.019121170043945312,False,,54.831947326660156,5.5500006675720215
7.538657188415527,8.467012405395508,30.481,73.94810485839844,,0.0,0.03504753112792969,False,,55.09443664550781,5.5500006675720215
7.564283132553101,8.466651916503906,30.48,73.94810485839844,,0.0,0.018024444580078125,False,,55.22990417480469,5.5500006675720215
7.589632272720337,8.465950012207031,30.477,73.68293762207031,,0.0,0.03509521484375,False,,55.49235916137695,5.5500006675720215
7.615032196044922,8.465228080749512,30.475,73.68293762207031,,0.0,0.03609657287597656,False,,55.76325988769531,5.5500006675720215
7.640841484069824,8.464871406555176,30.474,73.12126922607422,,0.0,0.017833709716796875,False,,55.89869689941406,5.5500006675720215
7.666601657867432,8.46455192565918,30.472,73.12126922607422,,0.0,0.015974044799804688,False,,56.02566909790039,5.5500006675720215
7.6932759284973145,8.463562965393066,30.469,72.67176818847656,,0.0,0.04944801330566406,False,,56.42348098754883,5.5500006675720215
7.718939781188965,8.463212966918945,30.468,72.67176818847656,,0.0,0.017499923706054688,False,,56.558895111083984,5.5500006675720215
7.744466304779053,8.462850570678711,30.466,72.21882629394531,,0.0,0.01811981201171875,False,,56.70276641845703,5.5500006675720215
7.769685745239258,8.462217330932617,30.464,72.21882629394531,,0.0,0.0316619873046875,False,,56.96510314941406,5.5500006675720215
7.795045852661133,8.461894989013672,30.463,71.87739562988281,,0.0,0.016117095947265625,False,,57.21895980834961,5.5500006675720215
7.820659875869751,8.460847854614258,30.459,71.87739562988281,,0.0,0.052356719970703125,False,,57.4981803894043,5.5500006675720215
7.8461174964904785,8.460515022277832,30.458,71.3962631225586,,0.0,0.016641616821289062,False,,57.62508773803711,5.5500006675720215
7.871196985244751,8.460169792175293,30.457,71.3962631225586,,0.0,0.017261505126953125,False,,57.76045608520508,5.5500006675720215
7.8971781730651855,8.45954418182373,30.454,71.01935577392578,,0.0,0.031280517578125,False,,58.149600982666016,5.5500006675720215
7.92272686958313,8.458879470825195,30.452,71.01935577392578,,0.0,0.03323554992675781,False,,58.28494644165039,5.5500006675720215
7.948948383331299,8.458517074584961,30.451,70.63542938232422,,0.0,0.01811981201171875,False,,58.428741455078125,5.5500006675720215
7.9747397899627686,8.457871437072754,30.448,70.63542938232422,,0.0,0.03228187561035156,False,,58.69094467163086,5.5500006675720215
8.000213146209717,8.457540512084961,30.447,70.32488250732422,,0.0,0.016546249389648438,False,,58.826271057128906,5.5500006675720215
8.025359392166138,8.456579208374023,30.444,70.32488250732422,,0.0,0.048065185546875,False,,59.215293884277344,5.5500006675720215
8.05095648765564,8.45623779296875,30.442,69.90825653076172,,0.0,0.017070770263671875,False,,59.3505973815918,5.5500006675720215
8.076449155807495,8.455934524536133,30.441,69.90825653076172,,0.0,0.015163421630859375,False,,59.47743606567383,5.5500006675720215
8.102639198303223,8.455350875854492,30.439,69.47532653808594,,0.0,0.02918243408203125,False,,59.73956298828125,5.5500006675720215
8.127695322036743,8.454730033874512,30.437,69.47532653808594,,0.0,0.031042098999023438,False,,60.00166702270508,5.5500006675720215
8.153505563735962,8.45443058013916,30.436,69.18029022216797,,0.0,0.014972686767578125,False,,60.12848663330078,5.5500006675720215
8.17925214767456,8.453831672668457,30.434,69.18029022216797,,0.0,0.02994537353515625,False,,60.39056396484375,5.5500006675720215
8.204444408416748,8.45351791381836,30.433,68.5053482055664,,0.0,0.015687942504882812,False,,60.525821685791016,5.5500006675720215
8.22971248626709,8.452569961547852,30.429,68.37517547607422,,0.0,0.047397613525390625,False,,60.92311477661133,5.5500006675720215
8.25524616241455,8.45223617553711,30.428,68.37517547607422,,0.0,0.016689300537109375,False,,61.058353424072266,5.5500006675720215
8.281174421310425,8.451921463012695,30.427,68.37517547607422,,0.0,0.015735626220703125,False,,61.19358825683594,5.5500006675720215
8.30719518661499,8.451622009277344,30.426,68.37517547607422,,0.0,0.014972686767578125,False,,61.32881546020508,5.5500006675720215
8.332496166229248,8.451022148132324,30.424,67.77124786376953,,0.0,0.029993057250976562,False,,61.72602081298828,5.5500006675720215
8.358075618743896,8.450399398803711,30.421,67.43302917480469,,0.0,0.031137466430664062,False,,61.85277557373047,5.5500006675720215
8.383475065231323,8.449763298034668,30.419,67.43302917480469,,0.0,0.03180503845214844,False,,62.11473083496094,5.5500006675720215
8.408849716186523,8.44946002960205,30.418,67.00870513916016,,0.0,0.015163421630859375,False,,62.24147415161133,5.5500006675720215
8.434348583221436,8.449151039123535,30.417,67.00870513916016,,0.0,0.01544952392578125,False,,62.37666320800781,5.5500006675720215
8.45991063117981,8.448246002197266,30.414,66.71074676513672,,0.0,0.04525184631347656,False,,62.77375030517578,5.5500006675720215
8.484837055206299,8.447948455810547,30.413,66.71074676513672,,0.0,0.0148773193359375,False,,62.90047073364258,5.5500006675720215
8.510096788406372,8.447623252868652,30.411,66.02970886230469,,0.0,0.016260147094726562,False,,63.04408264160156,5.5500006675720215
8.53539228439331,8.447081565856934,30.409,66.02970886230469,,0.0,0.0270843505859375,False,,63.29750442504883,5.5500006675720215
8.561853885650635,8.44677734375,30.408,65.81430053710938,,0.0,0.015211105346679688,False,,63.55935287475586,5.5500006675720215
8.58708930015564,8.445899963378906,30.405,65.81430053710938,,0.0,0.0438690185546875,False,,63.82118606567383,5.5500006675720215
8.612343549728394,8.445589065551758,30.404,65.15399932861328,,0.0,0.015544891357421875,False,,63.95631790161133,5.5500006675720215
8.637628078460693,8.44528579711914,30.403,65.15399932861328,,0.0,0.015163421630859375,False,,64.09144592285156,5.5500006675720215
8.663149118423462,8.444731712341309,30.401,64.9388198852539,,0.0,0.027704238891601562,False,,64.47991180419922,5.5500006675720215
8.688474893569946,8.444145202636719,30.399,64.9388198852539,,0.0,0.029325485229492188,False,,64.61502075195312,5.5500006675720215
8.71367597579956,8.443565368652344,30.397,64.35340881347656,,0.0,0.02899169921875,False,,64.87677764892578,5.5500006675720215
8.738739728927612,8.443291664123535,30.396,64.35340881347656,,0.0,0.013685226440429688,False,,65.00342559814453,5.5500006675720215
8.764370679855347,8.443011283874512,30.395,63.86800765991211,,0.0,0.014019012451171875,False,,65.13851928710938,5.5500006675720215
8.790042877197266,8.44218921661377,30.392,63.86800765991211,,0.0,0.041103363037109375,False,,65.53531646728516,5.5500006675720215
8.81532621383667,8.441910743713379,30.391,63.48925018310547,,0.0,0.01392364501953125,False,,65.66194915771484,5.5500006675720215
8.840884923934937,8.441645622253418,30.39,63.48925018310547,,0.0,0.013256072998046875,False,,65.78857421875,5.5500006675720215
8.866108417510986,8.441094398498535,30.388,63.2985954284668,,0.0,0.027561187744140625,False,,66.067138671875,5.5500006675720215
8.891592741012573,8.440827369689941,30.387,63.2985954284668,,0.0,0.0133514404296875,False,,66.19375610351562,5.5500006675720215
8.916610717773438,8.439990043640137,30.384,62.95579147338867,,0.0,0.041866302490234375,False,,66.58201599121094,5.5500006675720215
8.942392110824585,8.439687728881836,30.383,62.95579147338867,,0.0,0.015115737915039062,False,,66.71704864501953,5.5500006675720215
8.967751741409302,8.43941879272461,30.382,62.60696029663086,,0.0,0.013446807861328125,False,,66.84364318847656,5.5500006675720215
8.992950677871704,8.4391508102417,30.381,62.60696029663086,,0.0,0.013399124145507812,False,,66.97867584228516,5.5500006675720215
9.018344640731812,8.438318252563477,30.378,62.03406524658203,,0.0,0.04162788391113281,False,,67.37529754638672,5.5500006675720215
9.043619155883789,8.438020706176758,30.377,62.03406524658203,,0.0,0.0148773193359375,False,,67.51030731201172,5.5500006675720215
9.069231510162354,8.437479972839355,30.375,61.60911560058594,,0.0,0.027036666870117188,False,,67.7718734741211,5.5500006675720215
9.094640970230103,8.437204360961914,30.374,61.60911560058594,,0.0,0.013780593872070312,False,,67.90687561035156,5.5500006675720215
9.119768142700195,8.43692398071289,30.373,61.60911560058594,,0.0,0.014019012451171875,False,,68.1768569946289,5.5500006675720215
9.145079135894775,8.43609619140625,30.37,61.40161895751953,,0.0,0.04138946533203125,False,,68.44681549072266,5.5500006675720215
9.170452117919922,8.435810089111328,30.369,60.86408615112305,,0.0,0.01430511474609375,False,,68.58179473876953,5.5500006675720215
9.195889949798584,8.435534477233887,30.368,60.86408615112305,,0.0,0.013780593872070312,False,,68.71676635742188,5.5500006675720215
9.220818996429443,8.43503475189209,30.366,60.45533752441406,,0.0,0.02498626708984375,False,,68.97825622558594,5.5500006675720215
9.248316287994385,8.434486389160156,30.364,60.45533752441406,,0.0,0.027418136596679688,False,,69.2481689453125,5.5500006675720215
9.273593664169312,8.43423080444336,30.363,60.13903045654297,,0.0,0.01277923583984375,False,,69.37468719482422,5.5500006675720215
9.298875570297241,8.433713912963867,30.361,60.13903045654297,,0.0,0.025844573974609375,False,,69.63613891601562,5.5500006675720215
9.324689388275146,8.433464050292969,30.36,60.13903045654297,,0.0,0.012493133544921875,False,,69.76264190673828,5.5500006675720215
9.349738121032715,8.432649612426758,30.358,59.659297943115234,,0.0,0.040721893310546875,False,-8.42842960357666,70.16742706298828,5.5500006675720215
9.375107288360596,8.432387351989746,30.357,59.26729965209961,,0.0,0.013113021850585938,False,-8.418457984924316,70.29391479492188,5.5500006675720215
9.400816917419434,8.43212604522705,30.356,59.26729965209961,,0.0,0.013065338134765625,False,-8.418457984924316,70.4288330078125,5.5500006675720215
9.426619291305542,8.431883811950684,30.355,59.26729965209961,,0.0,0.012111663818359375,False,-8.418457984924316,70.5637435913086,5.5500006675720215
9.451725482940674,8.431135177612305,30.352,59.018310546875,,0.0,0.03743171691894531,False,-8.416509628295898,70.96002197265625,5.5500006675720215
9.476743936538696,8.430868148803711,30.351,58.59161376953125,,0.0,0.0133514404296875,False,-8.408631324768066,71.09491729736328,5.5500006675720215
9.503125429153442,8.43039321899414,30.349,58.59161376953125,,0.0,0.023746490478515625,False,-8.408631324768066,71.34783935546875,5.5500006675720215
9.528939485549927,8.43014144897461,30.349,58.17652130126953,,0.0,0.0125885009765625,False,-8.408736228942871,71.48271942138672,5.5500006675720215
9.554028987884521,8.429390907287598,30.346,58.17652130126953,,0.0,0.03752708435058594,False,-8.408736228942871,71.87892150878906,5.5500006675720215
9.579243659973145,8.429143905639648,30.345,57.65081024169922,,0.0,0.012350082397460938,False,-8.417189598083496,72.00535583496094,5.5500006675720215
9.605313301086426,8.428894996643066,30.344,57.65081024169922,,0.0,0.012445449829101562,False,-8.417189598083496,72.14022064208984,5.5500006675720215
9.631145000457764,8.428658485412598,30.343,57.65081024169922,,0.0,0.0118255615234375,False,-8.417189598083496,72.27508544921875,5.5500006675720215
9.656617403030396,8.428167343139648,30.341,57.32292938232422,,0.0,0.024557113647460938,False,-8.422133445739746,72.67964172363281,5.5500006675720215
9.682172060012817,8.427654266357422,30.34,57.001808166503906,,0.0,0.025653839111328125,False,-8.41873836517334,72.81448364257812,5.5500006675720215
9.707417249679565,8.427145004272461,30.338,57.001808166503906,,0.0,0.025463104248046875,False,-8.41873836517334,73.07573699951172,5.5500006675720215
9.732935667037964,8.426886558532715,30.337,56.532684326171875,,0.0,0.012922286987304688,False,-8.421385765075684,73.21056365966797,5.5500006675720215
9.758733987808228,8.426654815673828,30.336,56.532684326171875,,0.0,0.011587142944335938,False,-8.421385765075684,73.33696746826172,5.5500006675720215
9.784607172012329,8.425895690917969,30.333,56.07754898071289,,0.0,0.03795623779296875,False,-8.434487342834473,73.7498550415039,5.5500006675720215
9.809642791748047,8.425633430480957,30.332,56.07754898071289,,0.0,0.013113021850585938,False,-8.434487342834473,73.8846664428711,5.5500006675720215
9.83492136001587,8.42540168762207,30.331,55.68653869628906,,0.0,0.011587142944335938,False,-8.425445556640625,74.01104736328125,5.5500006675720215
9.860586643218994,8.42517375946045,30.331,55.68653869628906,,0.0,0.011396408081054688,False,-8.425445556640625,74.1458511352539,5.5500006675720215
9.886270999908447,8.424453735351562,30.328,55.3465576171875,,0.0,0.03600120544433594,False,-8.423322677612305,74.55024719238281,5.5500006675720215
9.911537885665894,8.424217224121094,30.327,55.3465576171875,,0.0,0.0118255615234375,False,-8.423322677612305,74.6766128540039,5.5500006675720215
9.93758511543274,8.42375659942627,30.326,54.858848571777344,,0.0,0.023031234741210938,False,-8.407693862915039,74.93775177001953,5.5500006675720215
9.96306586265564,8.4235200881958,30.325,54.858848571777344,,0.0,0.0118255615234375,False,-8.407693862915039,75.0725326538086,5.5500006675720215
9.988929033279419,8.423293113708496,30.324,54.471641540527344,,0.0,0.011348724365234375,False,-8.409431457519531,75.45999908447266,5.5500006675720215
10.014015197753906,8.422571182250977,30.321,54.471641540527344,,0.0,0.03609657287597656,False,-8.409431457519531,75.60317993164062,5.5500006675720215
10.039764642715454,8.422335624694824,30.32,53.79978561401367,,0.0,0.011777877807617188,False,-8.415517807006836,75.72952270507812,5.5500006675720215
10.064825534820557,8.421862602233887,30.319,53.79978561401367,,0.0,0.023651123046875,False,-8.415517807006836,75.98218536376953,5.5500006675720215
10.09035611152649,8.42162799835205,30.318,53.52949142456055,,0.0,0.011730194091796875,False,-8.408166885375977,76.24325561523438,5.5500006675720215
10.115739107131958,8.421149253845215,30.316,53.52949142456055,,0.0,0.023937225341796875,False,-8.408166885375977,76.38641357421875,5.5500006675720215
10.141074180603027,8.420690536499023,30.314,53.14933776855469,,0.0,0.022935867309570312,False,-8.406774520874023,76.6474609375,5.5500006675720215
10.166496276855469,8.420472145080566,30.314,53.14933776855469,,0.0,0.010919570922851562,False,-8.406774520874023,76.77377319335938,5.5500006675720215
10.192203044891357,8.42025089263916,30.313,53.14933776855469,,0.0,0.0110626220703125,False,-8.406774520874023,77.16951751708984,5.5500006675720215
10.217710256576538,8.41960620880127,30.311,52.69264602661133,,0.0,0.03223419189453125,False,-8.399717330932617,77.30423736572266,5.5500006675720215
10.243048429489136,8.419378280639648,30.31,52.38158416748047,,0.0,0.011396408081054688,False,-8.40186882019043,77.4389419555664,5.5500006675720215
10.267980813980103,8.419168472290039,30.309,52.38158416748047,,0.0,0.01049041748046875,False,-8.40186882019043,77.56523132324219,5.5500006675720215
10.293352365493774,8.418745994567871,30.307,51.918949127197266,,0.0,0.021123886108398438,False,-8.393668174743652,77.83464050292969,5.5500006675720215
10.318581581115723,8.418303489685059,30.306,51.918949127197266,,0.0,0.022125244140625,False,-8.393668174743652,78.09561157226562,5.5500006675720215
10.344173192977905,8.417832374572754,30.304,51.50554656982422,,0.0,0.023555755615234375,False,-8.394333839416504,78.3734130859375,5.5500006675720215
10.369737386703491,8.417608261108398,30.303,51.50554656982422,,0.0,0.011205673217773438,False,-8.394333839416504,78.50809478759766,5.5500006675720215
10.395416021347046,8.41740608215332,30.303,51.03342819213867,,0.0,0.01010894775390625,False,-8.411048889160156,78.63435363769531,5.5500006675720215
10.421262979507446,8.417197227478027,30.302,51.03342819213867,,0.0,0.010442733764648438,False,-8.411048889160156,79.02996063232422,5.5500006675720215
10.446313381195068,8.416532516479492,30.3,50.85856246948242,,0.0,0.03323554992675781,False,-8.408477783203125,79.17304229736328,5.5500006675720215
10.472485065460205,8.416327476501465,30.299,50.85856246948242,,0.0,0.010251998901367188,False,-8.408477783203125,79.2908706665039,5.5500006675720215
10.498196363449097,8.415874481201172,30.297,50.14983367919922,,0.0,0.022649765014648438,False,-8.388782501220703,79.56018829345703,5.5500006675720215
10.523476600646973,8.415651321411133,30.296,50.14983367919922,,0.0,0.011157989501953125,False,-8.388782501220703,79.8294906616211,5.5500006675720215
10.548686027526855,8.415210723876953,30.295,49.552772521972656,,0.0,0.022029876708984375,False,-8.397782325744629,79.95571899414062,5.5500006675720215
10.575061798095703,8.414788246154785,30.293,49.552772521972656,,0.0,0.021123886108398438,False,-8.397782325744629,80.20816802978516,5.5500006675720215
10.600249290466309,8.414579391479492,30.292,49.470245361328125,,0.0,0.010442733764648438,False,-8.384011268615723,80.33438873291016,5.5500006675720215
10.625929117202759,8.414362907409668,30.292,49.470245361328125,,0.0,0.010824203491210938,False,-8.392690658569336,80.7298583984375,5.5500006675720215
10.651536703109741,8.413732528686523,30.289,49.00318145751953,,0.0,0.03151893615722656,False,-8.392690658569336,80.8644790649414,5.5500006675720215
10.676793813705444,8.413496971130371,30.289,49.00318145751953,,0.0,0.011777877807617188,False,-8.392690658569336,81.00750732421875,5.5500006675720215
10.701599836349487,8.413294792175293,30.288,49.00318145751953,,0.0,0.01010894775390625,False,-8.392690658569336,81.13371276855469,5.5500006675720215
10.727113962173462,8.412904739379883,30.286,48.65724182128906,,0.0,0.019502639770507812,False,-8.386942863464355,81.39451599121094,5.5500006675720215
10.752755641937256,8.412487983703613,30.285,48.11643600463867,,0.0,0.020837783813476562,False,-8.381791114807129,81.66372680664062,5.5500006675720215
10.777854204177856,8.412065505981445,30.283,48.11643600463867,,0.0,0.021123886108398438,False,-8.381791114807129,81.93291473388672,5.5500006675720215
10.803103923797607,8.411871910095215,30.283,47.834739685058594,,0.0,0.009679794311523438,False,-8.389456748962402,82.05909729003906,5.5500006675720215
10.829503536224365,8.411674499511719,30.282,47.834739685058594,,0.0,0.009870529174804688,False,-8.389456748962402,82.19368743896484,5.5500006675720215
10.855037689208984,8.411297798156738,30.281,47.21144104003906,,0.0,0.018835067749023438,False,-8.398043632507324,82.57219696044922,5.5500006675720215
10.879955291748047,8.41090202331543,30.279,47.21144104003906,,0.0,0.019788742065429688,False,-8.398043632507324,82.7151870727539,5.5500006675720215
10.905083179473877,8.410497665405273,30.278,46.81228256225586,,0.0,0.0202178955078125,False,-8.398970603942871,82.97591400146484,5.5500006675720215
10.930765628814697,8.41029167175293,30.277,46.81228256225586,,0.0,0.0102996826171875,False,-8.398970603942871,83.11048126220703,5.5500006675720215
10.956282138824463,8.410093307495117,30.276,46.81228256225586,,0.0,0.009918212890625,False,-8.398970603942871,83.37960052490234,5.5500006675720215
10.981364727020264,8.409491539001465,30.274,46.21503829956055,,0.0,0.030088424682617188,False,-8.368858337402344,83.64871215820312,5.5500006675720215
11.007079839706421,8.40929126739502,30.273,45.845436096191406,,0.0,0.010013580322265625,False,-8.389470100402832,83.77485656738281,5.5500006675720215
11.032427310943604,8.409090995788574,30.273,45.845436096191406,,0.0,0.010013580322265625,False,-8.389470100402832,83.9094009399414,5.5500006675720215
11.057981729507446,8.408724784851074,30.271,45.4713134765625,,0.0,0.018310546875,False,-8.388029098510742,84.17007446289062,5.5500006675720215
11.08302617073059,8.408319473266602,30.27,45.4713134765625,,0.0,0.020265579223632812,False,-8.388029098510742,84.43914794921875,5.5500006675720215
11.108515739440918,8.40811824798584,30.269,45.1674690246582,,0.0,0.010061264038085938,False,-8.37076187133789,84.57368469238281,5.5500006675720215
11.134541988372803,8.407744407653809,30.268,45.1674690246582,,0.0,0.0186920166015625,False,-8.37076187133789,84.8343276977539,5.5500006675720215
11.160319566726685,8.407562255859375,30.267,44.787376403808594,,0.0,0.009107589721679688,False,-8.370214462280273,84.96044158935547,5.5500006675720215
11.18558120727539,8.406980514526367,30.265,44.443355560302734,,0.0,0.029087066650390625,False,-8.383891105651855,85.35558319091797,5.5500006675720215
11.211169719696045,8.406776428222656,30.264,44.443355560302734,,0.0,0.010204315185546875,False,-8.383891105651855,85.49009704589844,5.5500006675720215
11.237451791763306,8.406594276428223,30.264,44.443355560302734,,0.0,0.009107589721679688,False,-8.383891105651855,85.61619567871094,5.5500006675720215
11.262978076934814,8.40642261505127,30.263,44.443355560302734,,0.0,0.00858306884765625,False,-8.383891105651855,85.74229431152344,5.5500006675720215
11.288441896438599,8.40583324432373,30.261,43.8782844543457,,0.0,0.029468536376953125,False,-8.392131805419922,86.15419006347656,5.5500006675720215
11.31435775756836,8.405630111694336,30.26,43.5114631652832,,0.0,0.010156631469726562,False,-8.373011589050293,86.28868103027344,5.5500006675720215
11.339669227600098,8.405433654785156,30.26,43.5114631652832,,0.0,0.009822845458984375,False,-8.373011589050293,86.42317199707031,5.5500006675720215
11.365056037902832,8.405062675476074,30.258,43.097900390625,,0.0,0.018548965454101562,False,-8.376760482788086,86.692138671875,5.5500006675720215
11.390502214431763,8.404866218566895,30.258,43.097900390625,,0.0,0.009822845458984375,False,-8.376760482788086,86.82662200927734,5.5500006675720215
11.416172742843628,8.404288291931152,30.255,42.84132385253906,,0.0,0.028896331787109375,False,-8.378894805908203,87.22163391113281,5.5500006675720215
11.441153764724731,8.404114723205566,30.255,42.84132385253906,,0.0,0.008678436279296875,False,-8.378894805908203,87.33929443359375,5.5500006675720215
11.466100692749023,8.403923988342285,30.254,42.248287200927734,,0.0,0.0095367431640625,False,-8.38424301147461,87.4737548828125,5.5500006675720215
11.491641521453857,8.403576850891113,30.253,42.248287200927734,,0.0,0.01735687255859375,False,-8.38424301147461,87.7342758178711,5.5500006675720215
11.517033338546753,8.403388977050781,30.252,41.94306945800781,,0.0,0.009393692016601562,False,-8.374490737915039,88.00318145751953,5.5500006675720215
11.542497873306274,8.402820587158203,30.25,41.94306945800781,,0.0,0.02841949462890625,False,-8.374490737915039,88.27207946777344,5.5500006675720215
11.56822156906128,8.402637481689453,30.249,41.460575103759766,,0.0,0.0091552734375,False,-8.37596321105957,88.39811706542969,5.5500006675720215
11.594758749008179,8.402464866638184,30.249,41.460575103759766,,0.0,0.008630752563476562,False,-8.37596321105957,88.52415466308594,5.5500006675720215
11.62199091911316,8.401937484741211,30.247,40.978004455566406,,0.0,0.026369094848632812,False,-8.37627124786377,88.92745971679688,5.5500006675720215
11.647982835769653,8.401762008666992,30.246,40.978004455566406,,0.0,0.0087738037109375,False,-8.37627124786377,89.0534896850586,5.5500006675720215
11.673108577728271,8.401596069335938,30.246,40.583770751953125,,0.0,0.008296966552734375,False,-8.375399589538574,89.17951202392578,5.5500006675720215
11.69857907295227,8.401260375976562,30.245,40.583770751953125,,0.0,0.01678466796875,False,-8.375399589538574,89.44835662841797,5.5500006675720215
11.724181890487671,8.400909423828125,30.243,40.25879669189453,,0.0,0.017547607421875,False,-8.369207382202148,89.70879364013672,5.5500006675720215
11.750344038009644,8.400727272033691,30.243,40.25879669189453,,0.0,0.009107589721679688,False,-8.369207382202148,89.84320831298828,5.5500006675720215
11.775790691375732,8.40037727355957,30.241,39.69683074951172,,0.0,0.017499923706054688,False,-8.376792907714844,90.11202239990234,5.5500006675720215
11.80138611793518,8.400209426879883,30.241,39.69683074951172,,0.0,0.008392333984375,False,-8.376792907714844,90.23802947998047,5.5500006675720215
11.828387975692749,8.399685859680176,30.239,39.358253479003906,,0.0,0.026178359985351562,False,-8.364904403686523,90.62442779541016,5.5500006675720215
11.853948593139648,8.39949893951416,30.238,39.358253479003906,,0.0,0.00934600830078125,False,-8.364904403686523,90.75881958007812,5.5500006675720215
11.879693031311035,8.399321556091309,30.238,39.03822326660156,,0.0,0.008869171142578125,False,-8.354763984680176,90.8932113647461,5.5500006675720215
11.904756307601929,8.399006843566895,30.236,39.03822326660156,,0.0,0.015735626220703125,False,-8.354763984680176,91.14518737792969,5.5500006675720215
11.929863214492798,8.398663520812988,30.235,38.50700378417969,,0.0,0.0171661376953125,False,-8.36101245880127,91.40554809570312,5.5500006675720215
11.955602407455444,8.39849853515625,30.235,38.50700378417969,,0.0,0.008249282836914062,False,-8.36101245880127,91.53152465820312,5.5500006675720215
11.980870008468628,8.398160934448242,30.233,38.14178466796875,,0.0,0.016880035400390625,False,-8.35629940032959,91.8002700805664,5.5500006675720215
12.005919694900513,8.397990226745605,30.233,38.14178466796875,,0.0,0.008535385131835938,False,-8.35629940032959,91.93463897705078,5.5500006675720215
12.031399011611938,8.397814750671387,30.232,37.661865234375,,0.0,0.0087738037109375,False,-8.363040924072266,92.32933807373047,5.5500006675720215
12.057083368301392,8.397314071655273,30.23,37.661865234375,,0.0,0.025033950805664062,False,-8.363040924072266,92.4552993774414,5.5500006675720215
12.08279299736023,8.397132873535156,30.23,37.104347229003906,,0.0,0.009059906005859375,False,-8.35904312133789,92.58965301513672,5.5500006675720215
12.108154773712158,8.396801948547363,30.228,37.104347229003906,,0.0,0.016546249389648438,False,-8.35904312133789,92.84996032714844,5.5500006675720215
12.133923292160034,8.39664363861084,30.228,36.76661682128906,,0.0,0.007915496826171875,False,-8.355900764465332,93.1102523803711,5.5500006675720215
12.15921425819397,8.396303176879883,30.227,36.76661682128906,,0.0,0.017023086547851562,False,-8.355900764465332,93.24459838867188,5.5500006675720215
12.18441891670227,8.39596176147461,30.225,36.33357620239258,,0.0,0.017070770263671875,False,-8.35692310333252,93.51326751708984,5.5500006675720215
12.209868669509888,8.395803451538086,30.225,36.33357620239258,,0.0,0.007915496826171875,False,-8.35692310333252,93.63920593261719,5.5500006675720215
12.235654830932617,8.395652770996094,30.224,35.97173309326172,,0.0,0.007534027099609375,False,-8.348479270935059,94.02540588378906,5.5500006675720215
12.261371374130249,8.395184516906738,30.223,35.97173309326172,,0.0,0.023412704467773438,False,-8.348479270935059,94.15972900390625,5.5500006675720215
12.286681175231934,8.395017623901367,30.222,35.57490539550781,,0.0,0.008344650268554688,False,-8.348299980163574,94.29405212402344,5.5500006675720215
12.31224513053894,8.394854545593262,30.221,35.57490539550781,,0.0,0.008153915405273438,False,-8.348299980163574,94.4283676147461,5.5500006675720215
12.338122844696045,8.39455509185791,30.22,35.11277770996094,,0.0,0.014972686767578125,False,-8.347597122192383,94.68860626220703,5.5500006675720215
12.364208459854126,8.394233703613281,30.219,35.11277770996094,,0.0,0.016069412231445312,False,-8.347597122192383,94.9488296508789,5.5500006675720215
12.389496803283691,8.393901824951172,30.218,34.8260612487793,,0.0,0.01659393310546875,False,-8.355456352233887,95.21744537353516,5.5500006675720215
12.41564416885376,8.393749237060547,30.217,34.8260612487793,,0.0,0.00762939453125,False,-8.355456352233887,95.34334564208984,5.5500006675720215
12.441817998886108,8.39359188079834,30.217,34.26469802856445,,0.0,0.007867813110351562,False,-8.344630241394043,95.60355377197266,5.5500006675720215
12.467339754104614,8.393143653869629,30.215,34.033233642578125,,0.0,0.022411346435546875,False,-8.34772777557373,95.86373901367188,5.5500006675720215
12.492721319198608,8.39298152923584,30.215,34.033233642578125,,0.0,0.008106231689453125,False,-8.34772777557373,95.99803161621094,5.5500006675720215
12.518052101135254,8.392823219299316,30.214,34.033233642578125,,0.0,0.007915496826171875,False,-8.34772777557373,96.13231658935547,5.5500006675720215
12.543242931365967,8.392532348632812,30.213,33.4526252746582,,0.0,0.014543533325195312,False,-8.364564895629883,96.39249420166016,5.5500006675720215
12.569315910339355,8.392210960388184,30.212,33.4526252746582,,0.0,0.016069412231445312,False,-8.364564895629883,96.66104888916016,5.5500006675720215
12.594635963439941,8.391911506652832,30.211,33.10004425048828,,0.0,0.014972686767578125,False,-8.345596313476562,96.91281127929688,5.5500006675720215
12.620051860809326,8.391755104064941,30.21,33.10004425048828,,0.0,0.00782012939453125,False,-8.345596313476562,97.04708099365234,5.5500006675720215
12.645400524139404,8.39160442352295,30.21,32.64393615722656,,0.0,0.007534027099609375,False,-8.370328903198242,97.18134307861328,5.5500006675720215
12.671123266220093,8.3911714553833,30.208,32.12088394165039,,0.0,0.021648406982421875,False,-8.339984893798828,97.56734466552734,5.5500006675720215
12.696356058120728,8.391022682189941,30.208,32.12088394165039,,0.0,0.00743865966796875,False,-8.339984893798828,97.6932144165039,5.5500006675720215
12.721681594848633,8.390871047973633,30.207,32.12088394165039,,0.0,0.0075817108154296875,False,-8.339984893798828,97.82746887207031,5.5500006675720215
12.747262239456177,8.390592575073242,30.206,31.902650833129883,,0.0,0.01392364501953125,False,-8.345047950744629,98.08758544921875,5.5500006675720215
12.772834539413452,8.390450477600098,30.206,31.902650833129883,,0.0,0.0071048736572265625,False,-8.345047950744629,98.34768676757812,5.5500006675720215
12.797659158706665,8.390140533447266,30.205,31.45281410217285,,0.0,0.015497207641601562,False,-8.33161449432373,98.48192596435547,5.5500006675720215
12.823135375976562,8.389811515808105,30.203,31.45281410217285,,0.0,0.016450881958007812,False,-8.33161449432373,98.75879669189453,5.5500006675720215
12.848867416381836,8.38966178894043,30.203,31.0323429107666,,0.0,0.0074863433837890625,False,-8.358488082885742,98.8846435546875,5.5500006675720215
12.875935316085815,8.389494895935059,30.202,31.0323429107666,,0.0,0.008344650268554688,False,-8.358488082885742,99.29572296142578,5.5500006675720215
12.902565956115723,8.389034271240234,30.201,30.505603790283203,,0.0,0.023031234741210938,False,-8.330333709716797,99.4299545288086,5.5500006675720215
12.930434942245483,8.388886451721191,30.2,30.505603790283203,,0.0,0.0073909759521484375,False,-8.330333709716797,99.5557861328125,5.5500006675720215
12.958725452423096,8.388744354248047,30.199,30.059581756591797,,0.0,0.0071048736572265625,False,-4.197404384613037,99.9500503540039,5.5500006675720215
12.987677097320557,8.388314247131348,30.198,29.957345962524414,,0.0,0.021505355834960938,False,-4.188596248626709,100.08426666259766,5.5500006675720215
13.016504526138306,8.38817310333252,30.197,29.957345962524414,,0.0,0.00705718994140625,False,-4.188596248626709,100.21009063720703,5.5500006675720215
13.044060945510864,8.38772964477539,30.196,29.676433563232422,,0.0,0.022172927856445312,False,-4.182772159576416,100.61270904541016,5.5500006675720215
13.07093095779419,8.38758373260498,30.195,29.676433563232422,,0.0,0.0072956085205078125,False,-4.182772159576416,100.74691772460938,5.5500006675720215
13.098397493362427,8.387441635131836,30.195,29.676433563232422,,0.0,0.0071048736572265625,False,-4.182772159576416,100.88111114501953,5.5500006675720215
13.128151178359985,8.387055397033691,30.193,29.539979934692383,,0.0,0.019311904907226562,False,-4.178910255432129,101.26692962646484,5.5500006675720215
13.156346321105957,8.386924743652344,30.193,29.142826080322266,,0.0,0.0065326690673828125,False,-4.198081016540527,101.39273071289062,5.5500006675720215
13.184784650802612,8.386632919311523,30.192,29.142826080322266,,0.0,0.014591217041015625,False,-4.198081016540527,101.66949462890625,5.5500006675720215
13.215084552764893,8.386348724365234,30.191,29.311479568481445,,0.0,0.014209747314453125,False,-4.204061031341553,101.9378662109375,5.5500006675720215
13.244463205337524,8.386073112487793,30.19,28.812345504760742,,0.0,0.013780593872070312,False,-4.185330867767334,102.19783782958984,5.5500006675720215
13.272157430648804,8.385802268981934,30.189,28.812345504760742,,0.0,0.01354217529296875,False,-4.185330867767334,102.45780181884766,5.5500006675720215
13.299745559692383,8.385663986206055,30.188,28.57805633544922,,0.0,0.0069141387939453125,False,-4.185608863830566,102.59197235107422,5.5500006675720215
13.325479507446289,8.385401725769043,30.187,28.57805633544922,,0.0,0.013113021850585938,False,-4.185608863830566,102.85192108154297,5.5500006675720215
13.351063251495361,8.385275840759277,30.187,28.57805633544922,,0.0,0.00629425048828125,False,-4.185608863830566,103.11186981201172,5.5500006675720215
13.377382040023804,8.384873390197754,30.186,28.608402252197266,,0.0,0.020122528076171875,False,-4.175262451171875,103.3718032836914,5.5500006675720215
13.402263164520264,8.384742736816406,30.185,28.176347732543945,,0.0,0.0065326690673828125,False,-4.183650493621826,103.49757385253906,5.5500006675720215
13.427534103393555,8.384608268737793,30.185,28.176347732543945,,0.0,0.0067234039306640625,False,-4.183650493621826,103.63172912597656,5.5500006675720215
13.453673601150513,8.384361267089844,30.184,28.149877548217773,,0.0,0.012350082397460938,False,-4.195114612579346,104.02579498291016,5.5500006675720215
13.47915244102478,8.384088516235352,30.183,28.149877548217773,,0.0,0.013637542724609375,False,-4.195114612579346,104.15994262695312,5.5500006675720215
13.504493474960327,8.383960723876953,30.182,27.801366806030273,,0.0,0.006389617919921875,False,-4.1846923828125,104.28570556640625,5.5500006675720215
13.529404878616333,8.383689880371094,30.181,27.801366806030273,,0.0,0.01354217529296875,False,-4.1846923828125,104.56237030029297,5.5500006675720215
13.555738925933838,8.383557319641113,30.181,27.757225036621094,,0.0,0.0066280364990234375,False,-4.174558639526367,104.69650268554688,5.5500006675720215
13.580646753311157,8.383286476135254,30.18,27.757225036621094,,0.0,0.01354217529296875,False,-4.174558639526367,104.96477508544922,5.5500006675720215
13.606382608413696,8.383023262023926,30.179,27.510955810546875,,0.0,0.01316070556640625,False,-4.198177814483643,105.22465515136719,5.5500006675720215
13.639323234558105,8.382888793945312,30.178,27.510955810546875,,0.0,0.0067234039306640625,False,-4.198177814483643,105.35877990722656,5.5500006675720215
13.66707992553711,8.382514953613281,30.177,27.400869369506836,,0.0,0.0186920166015625,False,-4.184188365936279,105.75276947021484,5.5500006675720215
13.693029642105103,8.382379531860352,30.177,27.400869369506836,,0.0,0.006771087646484375,False,-4.184188365936279,105.88688659667969,5.5500006675720215
13.71878981590271,8.382258415222168,30.176,27.18236541748047,,0.0,0.0060558319091796875,False,-4.176428318023682,106.01261901855469,5.5500006675720215
13.744924545288086,8.382012367248535,30.175,27.18236541748047,,0.0,0.012302398681640625,False,-4.176428318023682,106.41496276855469,5.5500006675720215
13.770924091339111,8.381757736206055,30.174,26.798450469970703,,0.0,0.012731552124023438,False,-4.183948040008545,106.54068756103516,5.5500006675720215
13.796604633331299,8.381510734558105,30.173,26.66063117980957,,0.0,0.012350082397460938,False,-4.1859917640686035,106.7921371459961,5.5500006675720215
13.822150707244873,8.381388664245605,30.173,26.66063117980957,,0.0,0.006103515625,False,-4.1859917640686035,106.91786193847656,5.5500006675720215
13.848451852798462,8.381263732910156,30.173,26.66063117980957,,0.0,0.0062465667724609375,False,-4.1859917640686035,107.05195617675781,5.5500006675720215
13.87422513961792,8.380902290344238,30.171,26.40488624572754,,0.0,0.018072128295898438,False,-4.183250904083252,107.43749237060547,5.5500006675720215
13.899867057800293,8.380779266357422,30.171,26.40488624572754,,0.0,0.0061511993408203125,False,-4.183250904083252,107.56320190429688,5.5500006675720215
13.925441026687622,8.380546569824219,30.17,26.137372970581055,,0.0,0.01163482666015625,False,-4.181649684906006,107.81462097167969,5.5500006675720215
13.951014995574951,8.380431175231934,30.17,26.137372970581055,,0.0,0.0057697296142578125,False,-4.181649684906006,107.9403305053711,5.5500006675720215
13.976930141448975,8.38018798828125,30.169,25.882524490356445,,0.0,0.012159347534179688,False,-4.187941551208496,108.20011901855469,5.5500006675720215
14.002494096755981,8.37993335723877,30.168,25.745840072631836,,0.0,0.012731552124023438,False,-4.168907165527344,108.46827697753906,5.5500006675720215
14.028082609176636,8.379814147949219,30.167,25.745840072631836,,0.0,0.0059604644775390625,False,-4.168907165527344,108.59397888183594,5.5500006675720215
14.053919315338135,8.379695892333984,30.167,25.745840072631836,,0.0,0.00591278076171875,False,-4.168907165527344,108.71967315673828,5.5500006675720215
14.080014944076538,8.379331588745117,30.166,25.468616485595703,,0.0,0.018215179443359375,False,-4.174570560455322,109.11351013183594,5.5500006675720215
14.106355905532837,8.379210472106934,30.165,25.468616485595703,,0.0,0.0060558319091796875,False,-4.174570560455322,109.23919677734375,5.5500006675720215
14.13496446609497,8.378961563110352,30.164,25.319684982299805,,0.0,0.012445449829101562,False,-4.182841777801514,109.51570892333984,5.5500006675720215
14.162338256835938,8.378726959228516,30.163,25.145709991455078,,0.0,0.011730194091796875,False,-4.182486534118652,109.77545166015625,5.5500006675720215
14.187562942504883,8.378510475158691,30.163,25.145709991455078,,0.0,0.010824203491210938,False,-4.182486534118652,110.0184326171875,5.5500006675720215
14.213027238845825,8.378401756286621,30.162,25.008975982666016,,0.0,0.005435943603515625,False,-4.175506114959717,110.14411163330078,5.5500006675720215
14.239428520202637,8.378288269042969,30.162,25.008975982666016,,0.0,0.0056743621826171875,False,-4.175506114959717,110.27816772460938,5.5500006675720215
14.265029907226562,8.37795639038086,30.161,24.704099655151367,,0.0,0.01659393310546875,False,-4.180307388305664,110.67193603515625,5.5500006675720215
14.291313886642456,8.377838134765625,30.16,24.704099655151367,,0.0,0.00591278076171875,False,-4.180307388305664,110.80598449707031,5.5500006675720215
14.317955017089844,8.377728462219238,30.16,24.704099655151367,,0.0,0.0054836273193359375,False,-4.180307388305664,110.93164825439453,5.5500006675720215
14.344780445098877,8.37751293182373,30.159,24.494123458862305,,0.0,0.010776519775390625,False,-4.182158470153809,111.32539367675781,5.5500006675720215
14.370784759521484,8.377275466918945,30.158,24.424346923828125,,0.0,0.011873245239257812,False,-4.170994281768799,111.45943450927734,5.5500006675720215
14.395866394042969,8.377144813537598,30.158,24.424346923828125,,0.0,0.0065326690673828125,False,-4.170994281768799,111.60184478759766,5.5500006675720215
14.421569108963013,8.376916885375977,30.157,24.116628646850586,,0.0,0.011396408081054688,False,-4.174084186553955,111.85315704345703,5.5500006675720215
14.449559688568115,8.376795768737793,30.156,24.116628646850586,,0.0,0.0060558319091796875,False,-4.174084186553955,112.11283874511719,5.5500006675720215
14.474840879440308,8.376437187194824,30.155,24.023555755615234,,0.0,0.0179290771484375,False,-4.183857440948486,112.3808822631836,5.5500006675720215
14.500455141067505,8.376314163208008,30.155,24.023555755615234,,0.0,0.0061511993408203125,False,-4.183857440948486,112.51490783691406,5.5500006675720215
14.525566101074219,8.376203536987305,30.154,23.601808547973633,,0.0,0.00553131103515625,False,-4.162898063659668,112.64054870605469,5.5500006675720215
14.551538944244385,8.375984191894531,30.154,23.601808547973633,,0.0,0.010967254638671875,False,-4.162898063659668,113.03422546386719,5.5500006675720215
14.577165603637695,8.375754356384277,30.153,23.348033905029297,,0.0,0.011491775512695312,False,-4.179901123046875,113.1766128540039,5.5500006675720215
14.603044986724854,8.375648498535156,30.152,23.348033905029297,,0.0,0.0052928924560546875,False,-4.179901123046875,113.30224609375,5.5500006675720215
14.62825059890747,8.375421524047852,30.152,23.21613311767578,,0.0,0.011348724365234375,False,-4.1700310707092285,113.57864379882812,5.550000190734863
14.654155254364014,8.375319480895996,30.151,23.21613311767578,,0.0,0.0051021575927734375,False,-4.1700310707092285,113.82990264892578,5.550000190734863
14.681002140045166,8.375000953674316,30.15,22.97734260559082,,0.0,0.015926361083984375,False,-4.154706001281738,114.08953094482422,5.550000190734863
14.707027673721313,8.374879837036133,30.15,22.97734260559082,,0.0,0.0060558319091796875,False,-4.154706001281738,114.23190307617188,5.550000190734863
14.733492136001587,8.374778747558594,30.149,22.765390396118164,,0.0,0.005054473876953125,False,-4.148497581481934,114.35752868652344,5.550000190734863
14.758890628814697,8.374676704406738,30.149,22.63847541809082,,0.0,0.0051021575927734375,False,-4.162559986114502,114.75950622558594,5.550000190734863
14.78415298461914,8.37435531616211,30.148,22.63847541809082,,0.0,0.016069412231445312,False,-4.162559986114502,114.89350128173828,5.550000190734863
14.81033730506897,8.37424087524414,30.147,22.63847541809082,,0.0,0.0057220458984375,False,-4.162559986114502,115.0274887084961,5.550000190734863
14.835742712020874,8.374030113220215,30.147,22.339866638183594,,0.0,0.010538101196289062,False,-4.156344890594482,115.2870864868164,5.550000190734863
14.861115455627441,8.373929023742676,30.146,22.339866638183594,,0.0,0.005054473876953125,False,-4.156344890594482,115.55504608154297,5.550000190734863
14.886274337768555,8.373709678649902,30.145,22.217796325683594,,0.0,0.010967254638671875,False,-4.148772716522217,115.68065643310547,5.550000190734863
14.912287473678589,8.373489379882812,30.145,22.217796325683594,,0.0,0.011014938354492188,False,-4.148772716522217,115.9486083984375,5.550000190734863
14.937726736068726,8.373387336730957,30.144,21.872901916503906,,0.0,0.0051021575927734375,False,-4.149240016937256,116.07421112060547,5.550000190734863
14.963816404342651,8.37328815460205,30.144,21.872901916503906,,0.0,0.0049591064453125,False,-4.149240016937256,116.19981384277344,5.550000190734863
14.99075961112976,8.372974395751953,30.143,21.80716323852539,,0.0,0.015687942504882812,False,-4.146740913391113,116.60172271728516,5.550000190734863
15.01592493057251,8.372859001159668,30.142,21.80716323852539,,0.0,0.0057697296142578125,False,-4.146740913391113,116.74406433105469,5.550000190734863
15.041354656219482,8.372766494750977,30.142,21.76578712463379,,0.0,0.0046253204345703125,False,-4.272517204284668,116.86128234863281,5.550000190734863
15.06836223602295,8.372573852539062,30.141,21.76578712463379,,0.0,0.009632110595703125,False,-4.311943054199219,117.26316833496094,5.550000190734863
15.093583106994629,8.372361183166504,30.141,21.498464584350586,,0.0,0.010633468627929688,False,-4.311943054199219,117.39712524414062,5.550000190734863
15.118810415267944,8.37215518951416,30.14,21.212753295898438,,0.0,0.0102996826171875,False,-4.315401077270508,117.65666198730469,5.550000190734863
15.144667863845825,8.372051239013672,30.139,21.212753295898438,,0.0,0.0051975250244140625,False,-4.315401077270508,117.79061889648438,5.550000190734863
15.170221328735352,8.371952056884766,30.139,21.212753295898438,,0.0,0.0049591064453125,False,-4.315401077270508,118.0501480102539,5.550000190734863
15.195675611495972,8.37166690826416,30.138,20.957645416259766,,0.0,0.014257431030273438,False,-4.337220191955566,118.30967712402344,5.550000190734863
15.221644163131714,8.371557235717773,30.138,20.957645416259766,,0.0,0.0054836273193359375,False,-4.337220191955566,118.45198822021484,5.550000190734863
15.247212886810303,8.37145709991455,30.137,20.534297943115234,,0.0,0.0050067901611328125,False,-4.340500831604004,118.5859375,5.550000190734863
15.272513628005981,8.371278762817383,30.137,20.534297943115234,,0.0,0.008916854858398438,False,-4.350525379180908,118.97101593017578,5.550000190734863
15.297611951828003,8.371074676513672,30.136,20.352869033813477,,0.0,0.010204315185546875,False,-4.350525379180908,119.1049575805664,5.550000190734863
15.322914123535156,8.3709716796875,30.135,20.352869033813477,,0.0,0.00514984130859375,False,-4.350525379180908,119.2388916015625,5.550000190734863
15.348602056503296,8.370777130126953,30.135,20.211959838867188,,0.0,0.00972747802734375,False,-4.363289833068848,119.4983901977539,5.550000190734863
15.374000310897827,8.37067699432373,30.134,20.211959838867188,,0.0,0.0050067901611328125,False,-4.363289833068848,119.63231658935547,5.550000190734863
15.40019154548645,8.370379447937012,30.133,19.74008560180664,,0.0,0.0148773193359375,False,-4.366986274719238,120.0257339477539,5.550000190734863
15.4252290725708,8.370283126831055,30.133,19.74008560180664,,0.0,0.0048160552978515625,False,-4.366986274719238,120.15129089355469,5.550000190734863
15.451380252838135,8.37019157409668,30.133,19.79540252685547,,0.0,0.00457763671875,False,-4.346951007843018,120.27684020996094,5.550000190734863
15.477729082107544,8.370096206665039,30.132,19.79540252685547,,0.0,0.00476837158203125,False,-4.346951007843018,120.41913604736328,5.550000190734863
15.505219221115112,8.369823455810547,30.131,19.50813102722168,,0.0,0.013637542724609375,False,-4.371882438659668,120.80415344238281,5.550000190734863
15.531464338302612,8.369717597961426,30.131,19.50813102722168,,0.0,0.0052928924560546875,False,-4.371882438659668,120.94644165039062,5.550000190734863
15.556631565093994,8.369613647460938,30.131,19.16478729248047,,0.0,0.0051975250244140625,False,-4.366837501525879,121.08035278320312,5.550000190734863
15.581860542297363,8.369417190551758,30.13,18.744430541992188,,0.0,0.009822845458984375,False,-4.37581729888916,121.47371673583984,5.550000190734863
15.607357501983643,8.36922836303711,30.129,18.744430541992188,,0.0,0.009441375732421875,False,-4.37581729888916,121.59925842285156,5.550000190734863
15.632821559906006,8.369033813476562,30.129,18.63653564453125,,0.0,0.00972747802734375,False,-4.388163089752197,121.85870361328125,5.550000190734863
15.657684326171875,8.368929862976074,30.128,18.63653564453125,,0.0,0.0051975250244140625,False,-4.388163089752197,122.0009765625,5.550000190734863
15.68318486213684,8.368842124938965,30.128,18.63653564453125,,0.0,0.00438690185546875,False,-4.388163089752197,122.12650299072266,5.550000190734863
15.708404302597046,8.368574142456055,30.127,18.49889373779297,,0.0,0.013399124145507812,False,-4.388007640838623,122.51983642578125,5.550000190734863
15.73411226272583,8.368481636047363,30.127,18.49889373779297,,0.0,0.0046253204345703125,False,-4.388007640838623,122.65373229980469,5.550000190734863
15.759170055389404,8.368396759033203,30.126,18.308135986328125,,0.0,0.0042438507080078125,False,-4.374324798583984,122.77925872802734,5.550000190734863
15.784372806549072,8.368227005004883,30.126,18.308135986328125,,0.0,0.008487701416015625,False,-4.374324798583984,123.04704284667969,5.550000190734863
15.80981969833374,8.368043899536133,30.125,17.95192527770996,,0.0,0.0091552734375,False,-4.389868259429932,123.31482696533203,5.550000190734863
15.83502721786499,8.367951393127441,30.125,17.95192527770996,,0.0,0.0046253204345703125,False,-4.389868259429932,123.44871520996094,5.550000190734863
15.860424995422363,8.36778450012207,30.124,17.762590408325195,,0.0,0.008344650268554688,False,-4.403783798217773,123.69974517822266,5.550000190734863
15.885930061340332,8.367694854736328,30.124,17.762590408325195,,0.0,0.004482269287109375,False,-4.403783798217773,123.83363342285156,5.550000190734863
15.911175966262817,8.36741828918457,30.123,17.650066375732422,,0.0,0.013828277587890625,False,-4.4117021560668945,124.23527526855469,5.550000190734863
15.937112808227539,8.367329597473145,30.122,17.300500869750977,,0.0,0.0044345855712890625,False,-4.4019598960876465,124.36078643798828,5.550000190734863
15.96270227432251,8.3672456741333,30.122,17.300500869750977,,0.0,0.0041961669921875,False,-4.4019598960876465,124.48629760742188,5.550000190734863
15.987866163253784,8.367083549499512,30.122,17.300500869750977,,0.0,0.008106231689453125,False,-4.4019598960876465,124.74567413330078,5.550000190734863
16.014330625534058,8.367000579833984,30.121,17.357572555541992,,0.0,0.0041484832763671875,False,-4.40912389755249,125.00505065917969,5.550000190734863
15.43956995010376,8.366820335388184,30.121,17.357572555541992,,0.0,0.009012222290039062,False,,125.13892364501953,5.550000190734863
15.465059518814087,8.366636276245117,30.12,16.828454971313477,,0.0,0.009202957153320312,False,-4.412482738494873,125.40666198730469,5.550000190734863
15.491023778915405,8.366547584533691,30.12,16.828454971313477,,0.0,0.0044345855712890625,False,-4.412482738494873,125.54052734375,5.550000190734863
15.51652979850769,8.366469383239746,30.119,16.75787925720215,,0.0,0.003910064697265625,False,-4.425265312194824,125.93374633789062,5.550000190734863
15.542210102081299,8.366230964660645,30.118,16.408891677856445,,0.0,0.011920928955078125,False,-4.4060773849487305,126.05924224853516,5.550000190734863
15.567328214645386,8.366147994995117,30.118,16.408891677856445,,0.0,0.0041484832763671875,False,-4.4060773849487305,126.19309997558594,5.550000190734863
15.592770099639893,8.366071701049805,30.118,16.408891677856445,,0.0,0.003814697265625,False,-4.4060773849487305,126.31858825683594,5.550000190734863
15.61859130859375,8.365923881530762,30.117,16.677419662475586,,0.0,0.0073909759521484375,False,-4.408876895904541,126.72015380859375,5.550000190734863
15.644039154052734,8.365758895874023,30.117,15.989907264709473,,0.0,0.008249282836914062,False,-4.419334888458252,126.85401153564453,5.550000190734863
15.669544219970703,8.365596771240234,30.116,15.989907264709473,,0.0,0.008106231689453125,False,-4.419334888458252,127.11334228515625,5.550000190734863
15.694740772247314,8.365514755249023,30.116,15.989907264709473,,0.0,0.004100799560546875,False,-4.419334888458252,127.2471923828125,5.550000190734863
15.720076560974121,8.365438461303711,30.116,15.862445831298828,,0.0,0.003814697265625,False,-4.417660236358643,127.37267303466797,5.550000190734863
15.745902299880981,8.365191459655762,30.115,15.998875617980957,,0.0,0.012350082397460938,False,-4.420619487762451,127.77420806884766,5.550000190734863
15.771126747131348,8.365108489990234,30.114,15.998875617980957,,0.0,0.0041484832763671875,False,-4.420619487762451,127.89968872070312,5.550000190734863
15.796433210372925,8.36502456665039,30.114,15.998875617980957,,0.0,0.0041961669921875,False,-4.420619487762451,128.0335235595703,5.550000190734863
15.82213544845581,8.364869117736816,30.114,15.750641822814941,,0.0,0.0077724456787109375,False,-4.430315971374512,128.2928466796875,5.550000190734863
15.84736180305481,8.364703178405762,30.113,15.61458969116211,,0.0,0.008296966552734375,False,-4.429043769836426,128.55215454101562,5.550000190734863
15.87273097038269,8.364538192749023,30.112,15.61458969116211,,0.0,0.008249282836914062,False,-4.429043769836426,128.8114471435547,5.550000190734863
15.897856712341309,8.364460945129395,30.112,15.61458969116211,,0.0,0.0038623809814453125,False,-4.429043769836426,128.93692016601562,5.550000190734863
15.923194408416748,8.364385604858398,30.112,15.334102630615234,,0.0,0.0037670135498046875,False,-4.4314284324646,129.06239318847656,5.550000190734863
15.94927167892456,8.36423397064209,30.111,15.334102630615234,,0.0,0.0075817108154296875,False,-4.4314284324646,129.45550537109375,5.550000190734863
15.974823951721191,8.364067077636719,30.111,14.942418098449707,,0.0,0.008344650268554688,False,-4.427848815917969,129.58934020996094,5.550000190734863
16.000606536865234,8.363987922668457,30.11,14.942418098449707,,0.0,0.0039577484130859375,False,-4.427848815917969,129.7147979736328,5.550000190734863
16.025609254837036,8.363822937011719,30.11,14.744287490844727,,0.0,0.008249282836914062,False,-4.432425498962402,129.98243713378906,5.550000190734863
16.050775289535522,8.363740921020508,30.109,14.744287490844727,,0.0,0.004100799560546875,False,-4.432425498962402,130.1162567138672,5.550000190734863
16.07629942893982,8.363574028015137,30.109,14.539546012878418,3.287977851283337,0.01,0.008344650268554688,True,-4.422032833099365,130.38389587402344,5.550000190734863
16.102291584014893,8.363410949707031,30.108,14.298063278198242,3.2265963926078807,0.02,0.008153915405273438,True,-4.431314468383789,130.64315795898438,5.550000190734863
16.12812089920044,8.362439155578613,30.105,14.298063278198242,3.2265963926078807,0.03,0.04858970642089844,True,-4.431314468383789,130.76861572265625,5.550000190734863
16.15395212173462,8.360048294067383,30.096,14.298063278198242,3.2265963926078807,0.04,0.11954307556152344,True,-4.431314468383789,130.9023895263672,5.550000190734863
16.18012762069702,8.34874439239502,30.055,14.075587272644043,3.185138747101871,0.05,0.5651950836181641,True,-4.419144153594971,131.29507446289062,5.550000190734863
16.205233812332153,8.3427095413208,30.034,14.075587272644043,3.185138747101871,0.060000000000000005,0.3017425537109375,True,-4.419144153594971,131.42025756835938,5.550000190734863
16.230578184127808,8.324671745300293,29.969,13.901854515075684,3.152296944723466,0.07,0.9018898010253906,True,-4.41007137298584,131.68695068359375,5.550000190734863
16.25589609146118,8.313526153564453,29.929,13.901854515075684,3.152296944723466,0.08,0.5572795867919922,True,-4.41007137298584,131.81173706054688,5.550000190734863
16.281636953353882,8.285849571228027,29.829,13.891395568847656,3.1654235629188983,0.09,1.383829116821289,True,-4.388479232788086,132.06072998046875,5.550000190734863
16.307220935821533,8.24682903289795,29.689,13.455546379089355,3.086163085506225,0.09999999999999999,1.9510269165039062,True,-4.359959602355957,132.33352661132812,5.550000190734863
16.332688808441162,8.224569320678711,29.608,13.455546379089355,3.086163085506225,0.10999999999999999,1.112985610961914,True,-4.359959602355957,132.4652862548828,5.550000190734863
16.35835576057434,8.201730728149414,29.526,13.455546379089355,3.086163085506225,0.11999999999999998,1.1419296264648438,True,-4.359959602355957,132.58848571777344,5.550000190734863
16.38340401649475,8.117679595947266,29.224,13.288509368896484,3.083134479001281,0.12999999999999998,4.202556610107422,True,-4.310064792633057,132.97201538085938,5.550000190734863
16.40855884552002,8.084966659545898,29.106,13.020740509033203,3.079316341791214,0.13999999999999999,1.6356468200683594,True,-4.228451728820801,133.10162353515625,5.550000190734863
16.434082984924316,8.052470207214355,28.989,13.020740509033203,3.079316341791214,0.15,1.6248226165771484,True,-4.228451728820801,133.22264099121094,5.550000190734863
16.46007513999939,7.977113246917725,28.718,13.020740509033203,3.079316341791214,0.16,3.767848014831543,True,-4.228451728820801,133.47909545898438,5.549999713897705
16.485270500183105,7.9364142417907715,28.571,12.95766830444336,3.1417802596741935,0.17,2.0349502563476562,True,-4.124307632446289,133.72511291503906,5.549999713897705
16.510492086410522,7.802019119262695,28.087,12.679808616638184,3.1499270842698777,0.18000000000000002,6.719756126403809,True,-4.0254292488098145,133.98411560058594,5.549999713897705
16.535913228988647,7.756290912628174,27.923,12.679808616638184,3.1499270842698777,0.19000000000000003,2.286410331726074,True,-4.0254292488098145,134.1007843017578,5.549999713897705
16.561285972595215,7.70879602432251,27.752,12.679808616638184,3.1499270842698777,0.20000000000000004,2.374744415283203,True,-4.0254292488098145,134.21673583984375,5.549999713897705
16.58642292022705,7.656185150146484,27.562,12.660862922668457,3.2799416344839796,0.21000000000000005,2.6305437088012695,True,-3.8600878715515137,134.3396453857422,5.549999713897705
16.612048864364624,7.49037504196167,26.965,12.368243217468262,3.3402877572768337,0.22000000000000006,8.0,True,-3.7027478218078613,134.69557189941406,5.549999713897705
16.63766598701477,7.430037975311279,26.748,12.368243217468262,3.3402877572768337,0.23,3.0168533325195312,True,-3.7027478218078613,134.8148956298828,5.549999713897705
16.66316056251526,7.3036298751831055,26.293,11.914334297180176,3.368646401447001,0.23,6.320405006408691,True,-3.5368313789367676,135.05059814453125,5.549999713897705
16.68826937675476,7.241806983947754,26.071,11.914334297180176,3.368646401447001,0.23,3.091144561767578,True,-3.5368313789367676,135.15965270996094,5.549999713897705
16.713953495025635,7.108697414398193,25.591,11.914334297180176,3.368646401447001,0.23,6.655478477478027,True,-3.5368313789367676,135.38204956054688,5.549999713897705
16.739240407943726,6.969444751739502,25.09,12.06757640838623,3.5966456849063637,0.23,6.96263313293457,True,-3.3552308082580566,135.60020446777344,5.549999713897705
16.765422821044922,6.895776271820068,24.825,12.06757640838623,3.5966456849063637,0.23,3.6834239959716797,True,-3.3552308082580566,135.71109008789062,5.549999713897705
16.790773630142212,6.816523551940918,24.539,11.691811561584473,3.736538836213856,0.23,3.9626359939575195,True,-3.1290485858917236,135.82760620117188,5.549999713897705
16.81664729118347,6.599038124084473,23.757,11.520203590393066,3.9610525319125127,0.23,8.0,True,-2.908369302749634,136.1360626220703,5.549999713897705
16.841701984405518,6.522936820983887,23.483,11.520203590393066,3.9610525319125127,0.23,3.805065155029297,True,-2.908369302749634,136.24099731445312,5.549999713897705
16.866695404052734,6.375570297241211,22.952,11.656394958496094,4.350535002164569,0.23,7.368326187133789,True,-2.6793015003204346,136.44085693359375,5.549999713897705
16.892179489135742,6.304446697235107,22.696,11.656394958496094,4.350535002164569,0.23,3.556180000305176,True,-2.6793015003204346,136.53591918945312,5.549999713897705
16.917891263961792,6.2334980964660645,22.441,11.656394958496094,4.786400134554427,0.23,3.5474300384521484,True,-2.4353156089782715,136.7351531982422,5.549999713897705
16.943231105804443,6.007787704467773,21.628,11.245952606201172,4.617862491720066,0.23,8.0,True,-2.4353156089782715,136.923583984375,5.549999713897705
16.968472719192505,5.937706470489502,21.376,11.245952606201172,4.617862491720066,0.23,3.504061698913574,True,-2.4353156089782715,137.0131378173828,5.549999713897705
16.994104146957397,5.867806434631348,21.124,11.237813949584961,5.086768746359738,0.23,3.495001792907715,True,-2.2092244625091553,137.1016387939453,5.549999713897705
17.019750833511353,5.719147682189941,20.589,11.237813949584961,5.086768746359738,0.23,7.4329376220703125,True,-2.2092244625091553,137.28695678710938,5.549999713897705
17.045063257217407,5.575484752655029,20.072,10.959914207458496,5.491707970167461,0.23,7.1831464767456055,True,-1.9957205057144165,137.4619598388672,5.549999713897705
17.070199012756348,5.43191385269165,19.555,11.228177070617676,6.407827352287931,0.23,7.178544998168945,True,-1.752259612083435,137.6324920654297,5.549999713897705
17.095350980758667,5.362437725067139,19.305,11.228177070617676,6.407827352287931,0.23,3.473806381225586,True,-1.752259612083435,137.7134246826172,5.549999713897705
17.1212375164032,5.288316249847412,19.038,11.228177070617676,6.407827352287931,0.23,3.706073760986328,True,-1.752259612083435,137.798583984375,5.549999713897705
17.14680504798889,5.070516586303711,18.254,10.97568416595459,7.148792894463839,0.23,8.0,True,-1.5353199243545532,138.0419158935547,5.549999713897705
17.17258858680725,5.0009918212890625,18.004,10.789701461791992,8.44365090656023,0.23,3.476238250732422,True,-1.2778478860855103,138.11741638183594,5.549999713897705
17.197498559951782,4.93146276473999,17.753,10.789701461791992,8.44365090656023,0.23,3.4764528274536133,True,-1.2778478860855103,138.19187927246094,5.549999713897705
17.222400188446045,4.783125877380371,17.219,10.789701461791992,8.44365090656023,0.23,7.416844367980957,True,-1.2778478860855103,138.34722900390625,5.549999713897705
17.247276544570923,4.708953380584717,16.952,10.742749214172363,10.329431954504827,0.23,3.708624839782715,True,-1.0400135517120361,138.4978485107422,5.549999713897705
17.27192234992981,4.4956793785095215,16.184,10.702374458312988,13.090424263456054,0.23,8.0,True,-0.8175727725028992,138.63473510742188,5.549999713897705
17.297189712524414,4.4214887619018555,15.917,10.702374458312988,13.090424263456054,0.23,3.709530830383301,True,-0.8175727725028992,138.70602416992188,5.549999713897705
17.323203086853027,4.351932048797607,15.667,10.702374458312988,13.090424263456054,0.23,3.4778356552124023,True,-0.8175727725028992,138.7718048095703,5.549999713897705
17.34852910041809,4.282374858856201,15.417,10.723978042602539,18.360270459086113,0.23,3.4778594970703125,True,-0.5840860605239868,138.83651733398438,5.549999713897705
17.37424063682556,4.059785842895508,14.615,10.791043281555176,32.497006015432355,0.23,8.0,True,-0.332062691450119,139.03662109375,5.549999713897705
17.399949073791504,3.9902241230010986,14.365,10.791043281555176,999.0,0.23,3.478085994720459,True,,139.09695434570312,5.549999713897705
17.424860954284668,3.841820240020752,13.831,10.613175392150879,999.0,0.23,7.420194149017334,True,,139.22219848632812,5.549999713897705
17.450079917907715,3.7676138877868652,13.563,10.613175392150879,999.0,0.23,3.710317611694336,True,,139.2830352783203,5.549999713897705
17.47516965866089,3.6238300800323486,13.046,10.613175392150879,999.0,0.23,7.18919038772583,True,,139.3975372314453,5.549999713897705
17.500489711761475,3.4753973484039307,12.511,10.531560897827148,999.0,0.23,7.421636581420898,True,,139.51104736328125,5.549999713897705
17.525696992874146,3.405816078186035,12.261,10.531560897827148,999.0,0.23,3.4790635108947754,True,,139.5626220703125,5.549999713897705
17.551334619522095,3.3315939903259277,11.994,10.491519927978516,999.0,0.23,3.711104393005371,True,,139.61648559570312,5.549999713897705
17.57708430290222,3.187786102294922,11.476,10.491519927978516,999.0,0.23,7.190394401550293,True,,139.76783752441406,5.549999713897705
17.601609706878662,3.0393402576446533,10.942,10.626041412353516,999.0,0.23,7.422292232513428,True,,139.8170166015625,5.549999713897705
17.62639045715332,2.890900135040283,10.407,10.679906845092773,999.0,0.23,7.422006130218506,True,,139.91183471679688,5.549999713897705
17.65224051475525,2.8166823387145996,10.14,10.679906845092773,999.0,0.23,3.7108898162841797,True,,139.95745849609375,5.549999713897705
17.677517652511597,2.7424662113189697,9.873,10.679906845092773,999.0,0.23,3.710806369781494,True,,140.00189208984375,5.549999713897705
17.70242428779602,2.524461030960083,9.088,10.85594654083252,999.0,0.23,8.0,True,,140.12554931640625,5.549999713897705
17.72786521911621,2.4502475261688232,8.821,10.813313484191895,999.0,0.23,3.7106752395629883,True,,140.16531372070312,5.549999713897705
17.75299596786499,2.3760337829589844,8.554,10.813313484191895,999.0,0.23,3.7106871604919434,True,,140.20388793945312,5.549999713897705
17.777963161468506,2.3064587116241455,8.303,10.813313484191895,999.0,0.23,3.4787535667419434,True,,140.2389678955078,5.549999713897705
17.803027629852295,2.0838184356689453,7.502,10.87625503540039,999.0,0.23,8.0,True,,140.34422302246094,5.549999713897705
17.828219652175903,2.0096046924591064,7.235,10.87625503540039,999.0,0.23,3.7106871604919434,True,,140.37693786621094,5.549999713897705
17.853426456451416,1.8614832162857056,6.701,11.120932579040527,999.0,0.23,7.406073808670044,True,,140.4387969970703,5.549999713897705
17.878742218017578,1.7920571565628052,6.451,11.120932579040527,999.0,0.23,3.4713029861450195,True,,140.46617126464844,5.549999713897705
17.903833389282227,1.718038558959961,6.185,11.163416862487793,999.0,0.23,3.700929880142212,True,,140.54359436035156,5.549999713897705
17.929335832595825,1.505341649055481,5.419,11.102700233459473,999.0,0.23,8.0,True,,140.5682373046875,5.549999713897705
17.95468544960022,1.436020016670227,5.17,11.102700233459473,999.0,0.23,3.4660816192626953,True,,140.59027099609375,5.549999713897705
17.9803466796875,1.2928147315979004,4.654,11.350259780883789,999.0,0.23,7.160264253616333,True,,140.6324920654297,5.549999713897705
18.006454467773438,1.2189364433288574,4.388,11.350259780883789,999.0,0.23,3.6939144134521484,True,,140.6525421142578,5.549999713897705
18.033016443252563,1.0758781433105469,3.873,11.350259780883789,999.0,0.23,7.152915000915527,True,,140.68804931640625,5.549999713897705
18.05858039855957,0.9329628944396973,3.359,11.245278358459473,999.0,0.23,7.1457624435424805,True,,140.7191162109375,5.549999713897705
18.083995580673218,0.8546746373176575,3.077,11.245278358459473,999.0,0.23,3.9144128561019897,True,,140.73426818847656,5.549999713897705
18.109636783599854,0.785663366317749,2.828,11.598971366882324,999.0,0.23,3.4505635499954224,True,,140.7465362548828,5.549999713897705
18.135053396224976,0.5700523257255554,2.052,11.771455764770508,999.0,0.23,8.0,True,,140.7782745361328,5.549999713897705
18.16027855873108,0.501554012298584,1.806,11.771455764770508,999.0,0.23,3.4249156713485718,True,,140.78628540039062,5.549999713897705
18.185688495635986,0.35497039556503296,1.278,11.716580390930176,999.0,0.23,7.329180836677551,True,,140.79991149902344,5.549999713897705
18.210809230804443,0.2861713171005249,1.03,11.716580390930176,999.0,0.23,3.439953923225403,True,,140.8046875,5.549999713897705
18.235887050628662,0.21288354694843292,0.766,11.951191902160645,999.0,0.23,3.664388507604599,True,,140.8114471435547,5.549999713897705
18.261794567108154,0.029280737042427063,0.105,11.951191902160645,999.0,0.2,8.0,True,,140.81394958496094,5.549999713897705
18.286882400512695,0.018797537311911583,0.068,11.951191902160645,999.0,0.2,0.524159986525774,True,,140.8140106201172,5.549999713897705
18.312411546707153,0.061036642640829086,0.22,12.119402885437012,999.0,0.2,-1.0,True,,140.81333923339844,5.549999713897705
18.338109970092773,0.12920191884040833,0.465,12.242415428161621,999.0,0.2,-1.0,True,,140.80807495117188,5.549999713897705
18.363447904586792,0.17535538971424103,0.631,12.242415428161621,999.0,0.2,-1.0,True,,140.80543518066406,5.549999713897705
18.3891122341156,0.19160735607147217,0.69,12.242415428161621,999.0,0.2,-0.812598317861557,True,,140.80267333984375,5.549999713897705
18.41438937187195,0.21507233381271362,0.774,12.222966194152832,999.0,0.23,-1.0,True,,140.79611206054688,5.549999713897705
18.439600467681885,0.2217067927122116,0.798,12.222966194152832,999.0,0.23,-0.3317229449748993,True,,140.79261779785156,5.549999713897705
18.46472716331482,0.22378842532634735,0.806,12.536591529846191,999.0,0.23,-0.10408163070678711,True,,140.78207397460938,5.549999713897705
18.49060821533203,0.21883796155452728,0.788,12.959734916687012,999.0,0.23,0.24752318859100342,True,,140.77877807617188,5.549999713897705
18.515702962875366,0.21013857424259186,0.756,12.959734916687012,999.0,0.23,0.43496936559677124,True,,140.77516174316406,5.549999713897705
18.54067325592041,0.1875630021095276,0.675,12.805015563964844,999.0,0.2,1.1287786066532135,True,,140.76904296875,5.549999713897705
18.56573486328125,0.15973801910877228,0.575,12.805015563964844,999.0,0.2,1.3912491500377655,True,,140.76373291015625,5.549999713897705
18.591127395629883,0.14456988871097565,0.52,12.805015563964844,999.0,0.2,0.7584065198898315,True,,140.7613525390625,5.549999713897705
18.616106271743774,0.11552062630653381,0.416,12.850359916687012,999.0,0.2,1.4524631202220917,True,,140.75743103027344,5.549999713897705
18.64105486869812,0.10129053145647049,0.365,12.850359916687012,999.0,0.2,0.7115047425031662,True,,140.75575256347656,5.549999713897705
18.666542291641235,0.08788340538740158,0.316,13.05383586883545,999.0,0.2,0.6703563034534454,True,,140.75315856933594,5.549999713897705
18.6918683052063,0.05421492084860802,0.195,13.414898872375488,999.0,0.2,1.6834242269396782,True,,140.75125122070312,5.549999713897705
18.717240571975708,0.04601516202092171,0.166,13.414898872375488,999.0,0.2,0.4099879413843155,True,,140.75064086914062,5.549999713897705
18.742254495620728,0.03848043084144592,0.139,13.414898872375488,999.0,0.2,0.3767365589737892,True,,140.75013732910156,5.549999713897705
18.76830792427063,0.02706073597073555,0.097,13.469654083251953,999.0,0.2,0.5709847435355186,True,,140.74942016601562,5.549999713897705
18.793682098388672,0.02049303986132145,0.074,13.493298530578613,999.0,0.2,0.32838480547070503,True,,140.7493896484375,5.549999713897705
18.81875205039978,0.017970487475395203,0.065,13.493298530578613,999.0,0.2,0.12612761929631233,True,,140.74954223632812,5.549999713897705
18.84371590614319,0.01783725991845131,0.064,13.493298530578613,999.0,0.2,0.006661377847194672,True,,140.7497100830078,5.549999713897705
18.869150161743164,0.018235787749290466,0.066,13.72752857208252,999.0,0.2,-0.019926391541957855,True,,140.7499237060547,5.549999713897705
18.893969535827637,0.021061986684799194,0.076,13.930020332336426,999.0,0.2,-0.1413099467754364,True,,140.7508087158203,5.549999713897705
18.919174671173096,0.02199859917163849,0.079,13.930020332336426,999.0,0.2,-0.04683062434196472,True,,140.75112915039062,5.549999713897705
18.944456100463867,0.022815391421318054,0.082,13.930020332336426,999.0,0.2,-0.04083961248397827,True,,140.75146484375,5.549999713897705
18.969579219818115,0.023920675739645958,0.086,14.090216636657715,999.0,0.2,-0.05526421591639519,True,,140.75221252441406,5.549999713897705
18.994598388671875,0.023964928463101387,0.086,14.155972480773926,999.0,0.2,-0.002212636172771454,True,,140.75296020507812,5.549999713897705
19.019354820251465,0.023613503202795982,0.085,14.155972480773926,999.0,0.2,0.017571263015270233,True,,140.75331115722656,5.549999713897705
19.044039964675903,0.02208789438009262,0.08,14.38049030303955,999.0,0.2,0.07628044113516808,True,,140.7540283203125,5.549999713897705
19.06958508491516,0.021025894209742546,0.076,14.38049030303955,999.0,0.2,0.05310000851750374,True,,140.75436401367188,5.549999713897705
19.0949068069458,0.01986997202038765,0.072,14.38049030303955,999.0,0.2,0.05779610946774483,True,,140.7549285888672,5.549999713897705
19.120179891586304,0.015458956360816956,0.056,14.56966781616211,999.0,0.2,0.2205507829785347,True,,140.7554473876953,5.549999713897705
19.14580202102661,0.013783447444438934,0.05,14.56966781616211,999.0,0.2,0.08377544581890106,True,,140.75567626953125,5.549999713897705
19.17116141319275,0.012182296253740788,0.044,14.668251037597656,999.0,0.2,0.08005755953490734,True,,140.755859375,5.549999713897705
19.19621253013611,0.008791397325694561,0.032,14.668251037597656,999.0,0.2,0.16954494640231133,True,,140.75619506835938,5.549999713897705
19.221190214157104,0.005717990919947624,0.021,14.616703033447266,999.0,0.2,0.15367032028734684,True,,140.75640869140625,5.549999713897705
19.24662184715271,0.0030346144922077656,0.011,14.744010925292969,999.0,0.2,0.13416882138699293,True,,140.7565460205078,5.549999713897705
19.271710634231567,0.0020939591340720654,0.008,14.744010925292969,999.0,0.2,0.04703276790678501,True,,140.75657653808594,5.549999713897705
19.29670000076294,0.0017279211897403002,0.006,14.744010925292969,999.0,0.2,0.01830189721658826,True,,140.756591796875,5.549999713897705
19.32157254219055,0.0019816330168396235,0.007,14.835103988647461,999.0,0.2,-0.012685591354966164,True,,140.7565460205078,5.549999713897705
19.347573280334473,0.003699548076838255,0.013,15.074288368225098,999.0,0.2,-0.08589575299993157,True,,140.75650024414062,5.549999713897705
19.37265372276306,0.004188981838524342,0.015,15.074288368225098,999.0,0.2,-0.024471688084304333,True,,140.75643920898438,5.549999713897705
19.39741277694702,0.00498684449121356,0.018,15.074288368225098,999.0,0.2,-0.039893132634460926,True,,140.75631713867188,5.549999713897705
19.42370343208313,0.005273707211017609,0.019,14.975531578063965,999.0,0.2,-0.014343135990202427,True,,140.7561492919922,5.549999713897705
19.448729991912842,0.005794127006083727,0.021,15.34110164642334,999.0,0.2,-0.026020989753305912,True,,140.75596618652344,5.549999713897705
19.473451852798462,0.005838990677148104,0.021,15.34110164642334,999.0,0.2,-0.0022431835532188416,True,,140.75588989257812,5.549999713897705
19.49882197380066,0.005826622247695923,0.021,15.34110164642334,999.0,0.2,0.0006184214726090431,True,,140.7557830810547,5.549999713897705
19.524141550064087,0.005757621023803949,0.021,15.339966773986816,999.0,0.2,0.0034500611945986748,True,,140.7556915283203,5.549999713897705
19.549293756484985,0.005294886417686939,0.019,15.403190612792969,999.0,0.2,0.023136730305850506,True,,140.75543212890625,5.549999713897705
19.574373722076416,0.005044322460889816,0.018,15.403190612792969,999.0,0.2,0.012528197839856148,True,,140.75535583496094,5.549999713897705
19.599710941314697,0.0045119053684175014,0.016,15.57788372039795,999.0,0.2,0.02662085462361574,True,,140.7552032470703,5.549999713897705
19.625439882278442,0.004230214282870293,0.015,15.57788372039795,999.0,0.2,0.01408455427736044,True,,140.75514221191406,5.549999713897705
19.651067972183228,0.003604771103709936,0.013,15.57788372039795,999.0,0.2,0.031272158958017826,True,,140.7550048828125,5.549999713897705
19.676040172576904,0.002999038202688098,0.011,15.666581153869629,999.0,0.2,0.03028664505109191,True,,140.75491333007812,5.549999713897705
19.701476097106934,0.0026969858445227146,0.01,15.666581153869629,999.0,0.2,0.015102617908269167,True,,140.75486755371094,5.549999713897705
19.726791858673096,0.002424393082037568,0.009,15.693894386291504,999.0,0.2,0.013629638124257326,True,,140.7548370361328,5.549999713897705
19.75177812576294,0.0018719572108238935,0.007,15.693894386291504,999.0,0.2,0.027621793560683727,True,,140.75474548339844,5.549999713897705
19.776907444000244,0.0014336664462462068,0.005,15.821571350097656,999.0,0.2,0.02191453822888434,True,,140.7547149658203,5.549999713897705
19.80198311805725,0.001042816904373467,0.004,16.15701675415039,999.0,0.2,0.01954247709363699,True,,140.7546844482422,5.549999713897705
19.827483654022217,0.0008761229109950364,0.003,16.15701675415039,999.0,0.2,0.00833469966892153,True,,140.75466918945312,5.549999713897705
19.852653741836548,0.0007143222610466182,0.003,16.15701675415039,999.0,0.2,0.008090032497420907,True,,140.75465393066406,5.549999713897705
19.87867021560669,0.0003098331217188388,0.001,16.082916259765625,999.0,0.2,0.02022445696638897,True,,140.754638671875,5.549999713897705
19.904011726379395,0.00020203922758810222,0.001,16.19632339477539,999.0,0.2,0.0053896947065368295,True,,140.754638671875,5.549999713897705
19.92880940437317,0.00011744676885427907,0.0,16.19632339477539,999.0,0.2,0.0042296229366911575,True,,140.754638671875,5.549999713897705
19.95396661758423,8.087993046501651e-05,0.0,16.19632339477539,999.0,0.2,0.0018283419194631279,True,,140.754638671875,5.549999713897705
19.97940468788147,0.00012410522322170436,0.0,16.315065383911133,999.0,0.2,-0.0021612646378343925,True,,140.754638671875,5.549999713897705
20.004758834838867,0.0002122258156305179,0.001,16.349748611450195,999.0,0.2,-0.004406029620440677,True,,140.754638671875,5.549999713897705
20.029974222183228,0.00022200866078492254,0.001,16.349748611450195,999.0,0.2,-0.000489142257720232,True,,140.754638671875,5.549999713897705
20.055098295211792,0.00022303849982563406,0.001,16.349748611450195,999.0,0.2,-5.1491952035576105e-05,True,,140.754638671875,5.549999713897705
20.08247995376587,0.00021812344493810087,0.001,16.426549911499023,999.0,0.2,0.0002457527443766594,True,,140.754638671875,5.549999713897705
20.107527256011963,0.00019817541760858148,0.001,16.413360595703125,999.0,0.2,0.0009974013664759696,True,,140.754638671875,5.549999713897705
20.13276958465576,0.00020303593191783875,0.001,16.413360595703125,999.0,0.2,-0.00024302571546286345,True,,140.754638671875,5.549999713897705
20.158244609832764,0.00024703421513549984,0.001,16.413360595703125,999.0,0.2,-0.002199914160883054,True,,140.75462341308594,5.549999713897705
20.183377742767334,0.00028127472614869475,0.001,16.43150520324707,999.0,0.2,-0.001712025550659746,True,,140.75462341308594,5.549999713897705
20.20823097229004,0.0004168935993220657,0.002,16.5625057220459,999.0,0.2,-0.006780943658668548,True,,140.75460815429688,5.549999713897705
20.233806371688843,0.00046656583435833454,0.002,16.5625057220459,999.0,0.2,-0.0024836117518134415,True,,140.75460815429688,5.549999713897705
20.258721590042114,0.0005127646145410836,0.002,16.5625057220459,999.0,0.2,-0.0023099390091374516,True,,140.7545928955078,5.549999713897705
20.28380513191223,0.0005578460986725986,0.002,16.787715911865234,999.0,0.2,-0.0022540742065757513,True,,140.7545928955078,5.549999713897705
20.30894446372986,0.0006843690061941743,0.002,16.846622467041016,999.0,0.2,-0.0063261453760787845,True,,140.7545623779297,5.549999713897705
20.33421564102173,0.0007200532709248364,0.003,16.846622467041016,999.0,0.2,-0.0017842132365331054,True,,140.75454711914062,5.549999713897705
20.359833002090454,0.0007758932770229876,0.003,16.846622467041016,999.0,0.2,-0.0027920003049075603,True,,140.7545166015625,5.549999713897705
